cement,slag,flyash,water,superplasticizer,coarseaggregate,fineaggregate,age,csMPa
2.5061156810010297,-0.8364706610158934,-0.8653749724075479,-0.9412345522783612,-0.597130547975239,0.8463023827751743,-1.20408109151549,-0.2803121270531477,79.99
2.5061156810010297,-0.8364706610158934,-0.8653749724075479,-0.9412345522783612,-0.597130547975239,1.0397482802834226,-1.20408109151549,-0.2803121270531477,61.89
0.5165159702295559,0.81804498584661,-0.8653749724075479,2.1531853614110594,-1.0196404755394586,-0.5465080792842133,-2.22524592399029,3.518568538309387,40.27
0.5165159702295559,0.81804498584661,-0.8653749724075479,2.1531853614110594,-1.0196404755394586,-0.5465080792842133,-2.22524592399029,5.009864667274018,41.05
-0.7673751202393615,0.7007775610514432,-0.8653749724075479,0.46531995394410275,-1.0196404755394586,0.051884563674634426,0.6576767433013714,4.9313753973285115,44.3
-0.12111478045142249,0.48714185647410935,-0.8653749724075479,2.1531853614110594,-1.0196404755394586,-0.5465080792842133,-1.278800469501451,0.692954820271138,47.03
0.9719665064302546,0.2665397702257756,-0.8653749724075479,2.1531853614110594,-1.0196404755394586,-0.5465080792842133,-2.22524592399029,5.009864667274018,43.7
0.9719665064302546,0.2665397702257756,-0.8653749724075479,2.1531853614110594,-1.0196404755394586,-0.5465080792842133,-2.22524592399029,-0.2803121270531477,36.45
-0.12111478045142249,0.48714185647410935,-0.8653749724075479,2.1531853614110594,-1.0196404755394586,-0.5465080792842133,-1.278800469501451,-0.2803121270531477,45.85
1.8828675788316522,-0.8364706610158934,-0.8653749724075479,2.1531853614110594,-1.0196404755394586,-0.5465080792842133,-2.22524592399029,-0.2803121270531477,39.29
-0.7673751202393615,0.7007775610514432,-0.8653749724075479,0.46531995394410275,-1.0196404755394586,0.051884563674634426,0.6576767433013714,0.692954820271138,38.07
-0.7673751202393615,0.7007775610514432,-0.8653749724075479,0.46531995394410275,-1.0196404755394586,0.051884563674634426,0.6576767433013714,-0.2803121270531477,28.02
1.4274170426309534,-0.2849654453950589,-0.8653749724075479,2.1531853614110594,-1.0196404755394586,-0.5465080792842133,-2.22524592399029,3.518568538309387,43.01
-0.8498356383725406,1.3695502014674446,-0.8653749724075479,2.1531853614110594,-1.0196404755394586,-0.5465080792842133,-1.278800469501451,0.692954820271138,42.33
0.24324564850913655,0.04593768397744176,-0.8653749724075479,2.1531853614110594,-1.0196404755394586,-0.5465080792842133,-1.278800469501451,-0.2803121270531477,47.81
0.9719665064302546,-0.8364706610158934,-0.8653749724075479,2.1531853614110594,-1.0196404755394586,-0.5465080792842133,-1.278800469501451,0.692954820271138,52.91
-1.3330926283623348,1.5947965421631116,-0.8653749724075479,0.46531995394410275,-1.0196404755394586,0.9365771349456902,0.426046671544892,0.692954820271138,39.36
0.6076060774696956,-0.39526648851922586,-0.8653749724075479,2.1531853614110594,-1.0196404755394586,-0.5465080792842133,-1.278800469501451,5.009864667274018,56.14
0.9719665064302546,0.2665397702257756,-0.8653749724075479,2.1531853614110594,-1.0196404755394586,-0.5465080792842133,-2.22524592399029,0.692954820271138,40.56
1.8828675788316522,-0.8364706610158934,-0.8653749724075479,2.1531853614110594,-1.0196404755394586,-0.5465080792842133,-2.22524592399029,2.1057616792902625,42.62
1.4274170426309534,-0.2849654453950589,-0.8653749724075479,2.1531853614110594,-1.0196404755394586,-0.5465080792842133,-2.22524592399029,2.1057616792902625,41.84
-1.3330926283623348,1.5947965421631116,-0.8653749724075479,0.46531995394410275,-1.0196404755394586,0.9365771349456902,0.426046671544892,-0.2803121270531477,28.24
-1.3330926283623348,1.5947965421631116,-0.8653749724075479,0.46531995394410275,-1.0196404755394586,0.9365771349456902,0.426046671544892,-0.6727584767806822,8.06
-1.3330926283623348,1.5947965421631116,-0.8653749724075479,0.46531995394410275,-1.0196404755394586,0.9365771349456902,0.426046671544892,2.1057616792902625,44.21
0.9719665064302546,-0.8364706610158934,-0.8653749724075479,2.1531853614110594,-1.0196404755394586,-0.5465080792842133,-1.278800469501451,5.009864667274018,52.52
0.9719665064302546,-0.8364706610158934,-0.8653749724075479,2.1531853614110594,-1.0196404755394586,-0.5465080792842133,-1.278800469501451,3.518568538309387,53.3
0.9719665064302546,0.2665397702257756,-0.8653749724075479,2.1531853614110594,-1.0196404755394586,-0.5465080792842133,-2.22524592399029,3.518568538309387,41.15
0.6076060774696956,-0.39526648851922586,-0.8653749724075479,2.1531853614110594,-1.0196404755394586,-0.5465080792842133,-1.278800469501451,2.1057616792902625,52.12
1.4274170426309534,-0.2849654453950589,-0.8653749724075479,2.1531853614110594,-1.0196404755394586,-0.5465080792842133,-2.22524592399029,-0.2803121270531477,37.43
1.8828675788316522,-0.8364706610158934,-0.8653749724075479,2.1531853614110594,-1.0196404755394586,-0.5465080792842133,-2.22524592399029,-0.6099670608242767,38.6
0.24324564850913655,0.04593768397744176,-0.8653749724075479,2.1531853614110594,-1.0196404755394586,-0.5465080792842133,-1.278800469501451,5.009864667274018,55.26
-0.12111478045142249,0.48714185647410935,-0.8653749724075479,2.1531853614110594,-1.0196404755394586,-0.5465080792842133,-1.278800469501451,5.009864667274018,52.91
-0.7673751202393615,0.7007775610514432,-0.8653749724075479,0.46531995394410275,-1.0196404755394586,0.051884563674634426,0.6576767433013714,2.1057616792902625,41.72
1.8828675788316522,-0.8364706610158934,-0.8653749724075479,2.1531853614110594,-1.0196404755394586,-0.5465080792842133,-2.22524592399029,3.518568538309387,42.13
-0.8498356383725406,1.3695502014674446,-0.8653749724075479,2.1531853614110594,-1.0196404755394586,-0.5465080792842133,-1.278800469501451,5.009864667274018,53.69
-0.39438510217184175,1.9210554170882792,-0.8653749724075479,2.1531853614110594,-1.0196404755394586,-0.5465080792842133,-2.22524592399029,3.518568538309387,38.41
-0.39438510217184175,1.9210554170882792,-0.8653749724075479,2.1531853614110594,-1.0196404755394586,-0.5465080792842133,-2.22524592399029,-0.2803121270531477,30.08
0.5165159702295559,0.81804498584661,-0.8653749724075479,2.1531853614110594,-1.0196404755394586,-0.5465080792842133,-2.22524592399029,0.692954820271138,37.72
1.8828675788316522,-0.8364706610158934,-0.8653749724075479,2.1531853614110594,-1.0196404755394586,-0.5465080792842133,-2.22524592399029,0.692954820271138,42.23
-0.39438510217184175,1.9210554170882792,-0.8653749724075479,2.1531853614110594,-1.0196404755394586,-0.5465080792842133,-2.22524592399029,2.1057616792902625,36.25
0.6076060774696956,-0.39526648851922586,-0.8653749724075479,2.1531853614110594,-1.0196404755394586,-0.5465080792842133,-1.278800469501451,0.692954820271138,50.46
1.4274170426309534,-0.2849654453950589,-0.8653749724075479,2.1531853614110594,-1.0196404755394586,-0.5465080792842133,-2.22524592399029,5.009864667274018,43.7
-0.39438510217184175,1.9210554170882792,-0.8653749724075479,2.1531853614110594,-1.0196404755394586,-0.5465080792842133,-2.22524592399029,5.009864667274018,39.0
0.9719665064302546,-0.8364706610158934,-0.8653749724075479,2.1531853614110594,-1.0196404755394586,-0.5465080792842133,-1.278800469501451,2.1057616792902625,53.1
1.4274170426309534,-0.2849654453950589,-0.8653749724075479,2.1531853614110594,-1.0196404755394586,-0.5465080792842133,-2.22524592399029,0.692954820271138,41.54
1.4274170426309534,-0.2849654453950589,-0.8653749724075479,2.1531853614110594,-1.0196404755394586,-0.5465080792842133,-2.22524592399029,-0.6099670608242767,35.08
0.674725103857167,-0.8364706610158934,-0.8653749724075479,0.46531995394410275,-1.0196404755394586,0.9365771349456902,0.426046671544892,-0.6727584767806822,15.05
0.9719665064302546,0.2665397702257756,-0.8653749724075479,2.1531853614110594,-1.0196404755394586,-0.5465080792842133,-2.22524592399029,2.1057616792902625,40.76
-0.39438510217184175,1.9210554170882792,-0.8653749724075479,2.1531853614110594,-1.0196404755394586,-0.5465080792842133,-2.22524592399029,-0.6099670608242767,26.26
0.9719665064302546,0.2665397702257756,-0.8653749724075479,2.1531853614110594,-1.0196404755394586,-0.5465080792842133,-2.22524592399029,-0.6099670608242767,32.82
0.5165159702295559,0.81804498584661,-0.8653749724075479,2.1531853614110594,-1.0196404755394586,-0.5465080792842133,-2.22524592399029,2.1057616792902625,39.78
-0.8498356383725406,1.3695502014674446,-0.8653749724075479,2.1531853614110594,-1.0196404755394586,-0.5465080792842133,-1.278800469501451,2.1057616792902625,46.93
-0.39438510217184175,1.9210554170882792,-0.8653749724075479,2.1531853614110594,-1.0196404755394586,-0.5465080792842133,-2.22524592399029,0.692954820271138,33.12
0.24324564850913655,0.04593768397744176,-0.8653749724075479,2.1531853614110594,-1.0196404755394586,-0.5465080792842133,-1.278800469501451,0.692954820271138,49.19
-1.3330926283623348,1.5947965421631116,-0.8653749724075479,0.46531995394410275,-1.0196404755394586,0.9365771349456902,0.426046671544892,-0.6099670608242767,14.59
-0.7673751202393615,0.7007775610514432,-0.8653749724075479,0.46531995394410275,-1.0196404755394586,0.051884563674634426,0.6576767433013714,-0.6099670608242767,14.64
1.8828675788316522,-0.8364706610158934,-0.8653749724075479,2.1531853614110594,-1.0196404755394586,-0.5465080792842133,-2.22524592399029,5.009864667274018,41.93
-0.7673751202393615,0.7007775610514432,-0.8653749724075479,0.46531995394410275,-1.0196404755394586,0.051884563674634426,0.6576767433013714,-0.6727584767806822,9.13
0.24324564850913655,0.04593768397744176,-0.8653749724075479,2.1531853614110594,-1.0196404755394586,-0.5465080792842133,-1.278800469501451,2.1057616792902625,50.95
0.5165159702295559,0.81804498584661,-0.8653749724075479,2.1531853614110594,-1.0196404755394586,-0.5465080792842133,-2.22524592399029,-0.2803121270531477,33.02
0.24324564850913655,0.04593768397744176,-0.8653749724075479,2.1531853614110594,-1.0196404755394586,-0.5465080792842133,-1.278800469501451,3.518568538309387,54.38
-0.12111478045142249,0.48714185647410935,-0.8653749724075479,2.1531853614110594,-1.0196404755394586,-0.5465080792842133,-1.278800469501451,3.518568538309387,51.73
0.3007762425555406,-0.8364706610158934,-0.8653749724075479,0.46531995394410275,-1.0196404755394586,-0.043548745762767765,0.9702528078759751,-0.6727584767806822,9.87
-0.8498356383725406,1.3695502014674446,-0.8653749724075479,2.1531853614110594,-1.0196404755394586,-0.5465080792842133,-1.278800469501451,3.518568538309387,50.66
-0.12111478045142249,0.48714185647410935,-0.8653749724075479,2.1531853614110594,-1.0196404755394586,-0.5465080792842133,-1.278800469501451,2.1057616792902625,48.7
0.6076060774696956,-0.39526648851922586,-0.8653749724075479,2.1531853614110594,-1.0196404755394586,-0.5465080792842133,-1.278800469501451,3.518568538309387,55.06
-1.3330926283623348,1.5947965421631116,-0.8653749724075479,0.46531995394410275,-1.0196404755394586,0.9365771349456902,0.426046671544892,4.9313753973285115,44.7
0.5165159702295559,0.81804498584661,-0.8653749724075479,2.1531853614110594,-1.0196404755394586,-0.5465080792842133,-2.22524592399029,-0.6099670608242767,30.28
-0.8498356383725406,1.3695502014674446,-0.8653749724075479,2.1531853614110594,-1.0196404755394586,-0.5465080792842133,-1.278800469501451,-0.2803121270531477,40.86
1.9787519022423257,-0.8364706610158934,-0.8653749724075479,-1.6913969555970085,-1.0196404755394586,1.8780138361524985,0.34011938686103715,-0.2803121270531477,71.99
0.9144359123838506,1.3602616925727777,-0.8653749724075479,-0.5614648355982962,0.6872996318199888,-0.6225967989707907,-0.1991054576043141,-0.6727584767806822,34.4
0.33241806928106293,2.207838129211113,-0.8653749724075479,-0.3082850244782524,0.433793675281457,0.9352874956289697,-2.0035784359652733,-0.6727584767806822,28.8
1.403445961778285,0.39773995836294246,-0.8653749724075479,-1.3397583290413926,1.7689250463843913,-1.5769298933448155,1.4247956906239045,-0.6727584767806822,33.4
1.403445961778285,0.39773995836294246,-0.8653749724075479,-1.438217144476965,2.1238333855383362,-0.4949225066153471,0.386196336619047,-0.6727584767806822,36.3
0.9240243447249179,0.2526070068837755,-0.8653749724075479,-2.600968869620869,2.935052446461637,-1.5769298933448155,2.7386114202103853,-0.6727584767806822,29.0
1.8828675788316522,0.5428729098421095,-0.8653749724075479,-0.04572818331672608,0.48449486658916346,-1.5769298933448155,0.10973463807099075,-0.6727584767806822,37.8
1.825336984785248,0.5242958920527762,-0.8653749724075479,-2.075855187297815,4.422287391487691,-1.5769298933448155,0.8444751882662739,-0.6727584767806822,40.2
1.054427024563434,0.29092210607427554,-0.8653749724075479,-1.1334636681287642,1.0253075738713646,-1.5769298933448155,1.9054903556669205,-0.6727584767806822,28.1
2.422696319633743,-0.8364706610158934,-0.8653749724075479,-1.888314586468153,3.7462715073849395,-1.5769298933448155,1.5069870064084618,-0.6727584767806822,41.3
0.38515444715693337,1.6307895141299453,-0.8653749724075479,-1.236610998585079,1.397116310127878,-1.5769298933448155,1.3413590518729142,-0.6727584767806822,25.2
1.180994331465523,0.2630565793902756,-0.8653749724075479,-1.6257577453066268,0.9070047941533832,-0.3556414604094089,0.9889326523724654,-0.6727584767806822,41.1
0.805127783695683,1.357939565349111,-0.8653749724075479,-0.8052676166768561,0.9408055883585206,-0.3827238860605625,-0.2103133643022094,-0.6727584767806822,35.3
0.4321377656281631,2.4470172332487805,-0.8653749724075479,0.08086172224329646,0.7211004260251266,-0.4085166723949956,-1.4045780891111523,-0.6727584767806822,28.3
0.967172290259721,0.9190575200761101,-0.8653749724075479,-1.3210042689584263,1.6675226637689786,2.0624322584436947,-2.0882603976826952,-0.6727584767806822,28.6
0.07353039607224468,1.496106135157278,-0.8653749724075479,-1.7523476508666491,0.8732039999482454,0.3897700646557087,0.386196336619047,-0.6727584767806822,24.4
1.5376840145532278,1.2186119319291109,-0.8653749724075479,0.18400905269960996,0.8563036028456766,-1.1539281974601132,-0.8068230652234644,-0.6727584767806822,39.3
1.0668919866068212,1.357939565349111,-0.8653749724075479,-1.69608547061775,2.6984468870256744,-0.3827238860605625,-0.2103133643022094,-0.6727584767806822,40.6
0.5682935048713192,1.357939565349111,-0.8653749724075479,-0.33641611460270143,0.5858972492045761,-0.3827238860605625,-0.2103133643022094,-0.6727584767806822,24.1
0.9144359123838506,1.3602616925727777,-0.8653749724075479,-0.5614648355982962,0.6872996318199888,-0.6225967989707907,-0.1991054576043141,-0.6099670608242767,46.2
0.33241806928106293,2.207838129211113,-0.8653749724075479,-0.3082850244782524,0.433793675281457,0.9352874956289697,-2.0035784359652733,-0.6099670608242767,42.8
1.403445961778285,0.39773995836294246,-0.8653749724075479,-1.3397583290413926,1.7689250463843913,-1.5769298933448155,1.4247956906239045,-0.6099670608242767,49.2
1.403445961778285,0.39773995836294246,-0.8653749724075479,-1.438217144476965,2.1238333855383362,-0.4949225066153471,0.386196336619047,-0.6099670608242767,46.8
0.9240243447249179,0.2526070068837755,-0.8653749724075479,-2.600968869620869,2.935052446461637,-1.5769298933448155,2.7386114202103853,-0.6099670608242767,45.7
1.8828675788316522,0.5428729098421095,-0.8653749724075479,-0.04572818331672608,0.48449486658916346,-1.5769298933448155,0.10973463807099075,-0.6099670608242767,55.6
1.825336984785248,0.5242958920527762,-0.8653749724075479,-2.075855187297815,4.422287391487691,-1.5769298933448155,0.8444751882662739,-0.6099670608242767,54.9
1.054427024563434,0.29092210607427554,-0.8653749724075479,-1.1334636681287642,1.0253075738713646,-1.5769298933448155,1.9054903556669205,-0.6099670608242767,34.9
2.422696319633743,-0.8364706610158934,-0.8653749724075479,-1.888314586468153,3.7462715073849395,-1.5769298933448155,1.5069870064084618,-0.6099670608242767,46.9
0.38515444715693337,1.6307895141299453,-0.8653749724075479,-1.236610998585079,1.397116310127878,-1.5769298933448155,1.3413590518729142,-0.6099670608242767,33.4
1.180994331465523,0.2630565793902756,-0.8653749724075479,-1.6257577453066268,0.9070047941533832,-0.3556414604094089,0.9889326523724654,-0.6099670608242767,54.1
0.805127783695683,1.357939565349111,-0.8653749724075479,-0.8052676166768561,0.9408055883585206,-0.3827238860605625,-0.2103133643022094,-0.6099670608242767,55.9
0.4321377656281631,2.4470172332487805,-0.8653749724075479,0.08086172224329646,0.7211004260251266,-0.4085166723949956,-1.4045780891111523,-0.6099670608242767,49.8
0.967172290259721,0.9190575200761101,-0.8653749724075479,-1.3210042689584263,1.6675226637689786,2.0624322584436947,-2.0882603976826952,-0.6099670608242767,47.1
0.07353039607224468,1.496106135157278,-0.8653749724075479,-1.7523476508666491,0.8732039999482454,0.3897700646557087,0.386196336619047,-0.6099670608242767,38.0
1.5376840145532278,1.2186119319291109,-0.8653749724075479,0.18400905269960996,0.8563036028456766,-1.1539281974601132,-0.8068230652234644,-0.6099670608242767,56.1
1.0668919866068212,1.357939565349111,-0.8653749724075479,-1.69608547061775,2.6984468870256744,-0.3827238860605625,-0.2103133643022094,-0.6099670608242767,59.09
0.805127783695683,1.357939565349111,-0.8653749724075479,-0.8052676166768561,0.9408055883585206,-0.3827238860605625,-0.2103133643022094,-0.6099670608242767,22.9
0.5682935048713192,1.357939565349111,-0.8653749724075479,-0.33641611460270143,0.5858972492045761,-0.3827238860605625,-0.2103133643022094,-0.6099670608242767,35.1
0.9144359123838506,1.3602616925727777,-0.8653749724075479,-0.5614648355982962,0.6872996318199888,-0.6225967989707907,-0.1991054576043141,-0.2803121270531477,61.09
0.33241806928106293,2.207838129211113,-0.8653749724075479,-0.3082850244782524,0.433793675281457,0.9352874956289697,-2.0035784359652733,-0.2803121270531477,59.8
1.403445961778285,0.39773995836294246,-0.8653749724075479,-1.3397583290413926,1.7689250463843913,-1.5769298933448155,1.4247956906239045,-0.2803121270531477,60.29
1.403445961778285,0.39773995836294246,-0.8653749724075479,-1.438217144476965,2.1238333855383362,-0.4949225066153471,0.386196336619047,-0.2803121270531477,61.8
0.9240243447249179,0.2526070068837755,-0.8653749724075479,-2.600968869620869,2.935052446461637,-1.5769298933448155,2.7386114202103853,-0.2803121270531477,56.7
1.8828675788316522,0.5428729098421095,-0.8653749724075479,-0.04572818331672608,0.48449486658916346,-1.5769298933448155,0.10973463807099075,-0.2803121270531477,68.3
1.825336984785248,0.5242958920527762,-0.8653749724075479,-2.075855187297815,4.422287391487691,-1.5769298933448155,0.8444751882662739,-0.2803121270531477,66.9
1.054427024563434,0.29092210607427554,-0.8653749724075479,-1.1334636681287642,1.0253075738713646,-1.5769298933448155,1.9054903556669205,-0.2803121270531477,50.7
2.422696319633743,-0.8364706610158934,-0.8653749724075479,-1.888314586468153,3.7462715073849395,-1.5769298933448155,1.5069870064084618,-0.2803121270531477,56.4
0.38515444715693337,1.6307895141299453,-0.8653749724075479,-1.236610998585079,1.397116310127878,-1.5769298933448155,1.3413590518729142,-0.2803121270531477,55.5
1.180994331465523,0.2630565793902756,-0.8653749724075479,-1.6257577453066268,0.9070047941533832,-0.3556414604094089,0.9889326523724654,-0.2803121270531477,68.5
0.805127783695683,1.357939565349111,-0.8653749724075479,-0.8052676166768561,0.9408055883585206,-0.3827238860605625,-0.2103133643022094,-0.2803121270531477,71.3
0.4321377656281631,2.4470172332487805,-0.8653749724075479,0.08086172224329646,0.7211004260251266,-0.4085166723949956,-1.4045780891111523,-0.2803121270531477,74.7
0.967172290259721,0.9190575200761101,-0.8653749724075479,-1.3210042689584263,1.6675226637689786,2.0624322584436947,-2.0882603976826952,-0.2803121270531477,52.2
0.07353039607224468,1.496106135157278,-0.8653749724075479,-1.7523476508666491,0.8732039999482454,0.3897700646557087,0.386196336619047,-0.2803121270531477,67.7
1.5376840145532278,1.2186119319291109,-0.8653749724075479,0.18400905269960996,0.8563036028456766,-1.1539281974601132,-0.8068230652234644,-0.2803121270531477,66.0
1.0668919866068212,1.357939565349111,-0.8653749724075479,-1.69608547061775,2.6984468870256744,-0.3827238860605625,-0.2103133643022094,-0.2803121270531477,74.5
0.5682935048713192,1.357939565349111,-0.8653749724075479,-0.33641611460270143,0.5858972492045761,-0.3827238860605625,-0.2103133643022094,-0.2803121270531477,49.9
0.9144359123838506,1.3602616925727777,-0.8653749724075479,-0.5614648355982962,0.6872996318199888,-0.6225967989707907,-0.1991054576043141,0.15922778464169102,63.4
0.33241806928106293,2.207838129211113,-0.8653749724075479,-0.3082850244782524,0.433793675281457,0.9352874956289697,-2.0035784359652733,0.15922778464169102,64.9
1.403445961778285,0.39773995836294246,-0.8653749724075479,-1.3397583290413926,1.7689250463843913,-1.5769298933448155,1.4247956906239045,0.15922778464169102,64.3
1.403445961778285,0.39773995836294246,-0.8653749724075479,-1.438217144476965,2.1238333855383362,-0.4949225066153471,0.386196336619047,0.15922778464169102,64.9
0.9240243447249179,0.2526070068837755,-0.8653749724075479,-2.600968869620869,2.935052446461637,-1.5769298933448155,2.7386114202103853,0.15922778464169102,60.2
1.8828675788316522,0.5428729098421095,-0.8653749724075479,-0.04572818331672608,0.48449486658916346,-1.5769298933448155,0.10973463807099075,0.15922778464169102,72.3
1.825336984785248,0.5242958920527762,-0.8653749724075479,-2.075855187297815,4.422287391487691,-1.5769298933448155,0.8444751882662739,0.15922778464169102,69.3
1.054427024563434,0.29092210607427554,-0.8653749724075479,-1.1334636681287642,1.0253075738713646,-1.5769298933448155,1.9054903556669205,0.15922778464169102,55.2
2.422696319633743,-0.8364706610158934,-0.8653749724075479,-1.888314586468153,3.7462715073849395,-1.5769298933448155,1.5069870064084618,0.15922778464169102,58.8
0.38515444715693337,1.6307895141299453,-0.8653749724075479,-1.236610998585079,1.397116310127878,-1.5769298933448155,1.3413590518729142,0.15922778464169102,66.1
1.180994331465523,0.2630565793902756,-0.8653749724075479,-1.6257577453066268,0.9070047941533832,-0.3556414604094089,0.9889326523724654,0.15922778464169102,73.7
0.805127783695683,1.357939565349111,-0.8653749724075479,-0.8052676166768561,0.9408055883585206,-0.3827238860605625,-0.2103133643022094,0.15922778464169102,77.3
0.4321377656281631,2.4470172332487805,-0.8653749724075479,0.08086172224329646,0.7211004260251266,-0.4085166723949956,-1.4045780891111523,0.15922778464169102,80.2
0.967172290259721,0.9190575200761101,-0.8653749724075479,-1.3210042689584263,1.6675226637689786,2.0624322584436947,-2.0882603976826952,0.15922778464169102,54.9
0.07353039607224468,1.496106135157278,-0.8653749724075479,-1.7523476508666491,0.8732039999482454,0.3897700646557087,0.386196336619047,0.15922778464169102,72.99
1.5376840145532278,1.2186119319291109,-0.8653749724075479,0.18400905269960996,0.8563036028456766,-1.1539281974601132,-0.8068230652234644,0.15922778464169102,71.7
1.0668919866068212,1.357939565349111,-0.8653749724075479,-1.69608547061775,2.6984468870256744,-0.3827238860605625,-0.2103133643022094,0.15922778464169102,79.4
0.5682935048713192,1.357939565349111,-0.8653749724075479,-0.33641611460270143,0.5858972492045761,-0.3827238860605625,-0.2103133643022094,0.15922778464169102,59.89
0.9144359123838506,1.3602616925727777,-0.8653749724075479,-0.5614648355982962,0.6872996318199888,-0.6225967989707907,-0.1991054576043141,0.7086526742602394,64.9
0.33241806928106293,2.207838129211113,-0.8653749724075479,-0.3082850244782524,0.433793675281457,0.9352874956289697,-2.0035784359652733,0.7086526742602394,66.6
1.403445961778285,0.39773995836294246,-0.8653749724075479,-1.3397583290413926,1.7689250463843913,-1.5769298933448155,1.4247956906239045,0.7086526742602394,65.2
1.403445961778285,0.39773995836294246,-0.8653749724075479,-1.438217144476965,2.1238333855383362,-0.4949225066153471,0.386196336619047,0.7086526742602394,66.7
0.9240243447249179,0.2526070068837755,-0.8653749724075479,-2.600968869620869,2.935052446461637,-1.5769298933448155,2.7386114202103853,0.7086526742602394,62.5
1.8828675788316522,0.5428729098421095,-0.8653749724075479,-0.04572818331672608,0.48449486658916346,-1.5769298933448155,0.10973463807099075,0.7086526742602394,74.19
1.825336984785248,0.5242958920527762,-0.8653749724075479,-2.075855187297815,4.422287391487691,-1.5769298933448155,0.8444751882662739,0.7086526742602394,70.7
1.054427024563434,0.29092210607427554,-0.8653749724075479,-1.1334636681287642,1.0253075738713646,-1.5769298933448155,1.9054903556669205,0.7086526742602394,57.6
2.422696319633743,-0.8364706610158934,-0.8653749724075479,-1.888314586468153,3.7462715073849395,-1.5769298933448155,1.5069870064084618,0.7086526742602394,59.2
0.38515444715693337,1.6307895141299453,-0.8653749724075479,-1.236610998585079,1.397116310127878,-1.5769298933448155,1.3413590518729142,0.7086526742602394,68.1
1.180994331465523,0.2630565793902756,-0.8653749724075479,-1.6257577453066268,0.9070047941533832,-0.3556414604094089,0.9889326523724654,0.7086526742602394,75.5
0.805127783695683,1.357939565349111,-0.8653749724075479,-0.8052676166768561,0.9408055883585206,-0.3827238860605625,-0.2103133643022094,0.7086526742602394,79.3
0.967172290259721,0.9190575200761101,-0.8653749724075479,-1.3210042689584263,1.6675226637689786,2.0624322584436947,-2.0882603976826952,0.7086526742602394,56.5
0.07353039607224468,1.496106135157278,-0.8653749724075479,-1.7523476508666491,0.8732039999482454,0.3897700646557087,0.386196336619047,0.7086526742602394,76.8
1.5376840145532278,1.2186119319291109,-0.8653749724075479,0.18400905269960996,0.8563036028456766,-1.1539281974601132,-0.8068230652234644,0.7086526742602394,73.3
1.0668919866068212,1.357939565349111,-0.8653749724075479,-1.69608547061775,2.6984468870256744,-0.3827238860605625,-0.2103133643022094,0.7086526742602394,82.6
0.5682935048713192,1.357939565349111,-0.8653749724075479,-0.33641611460270143,0.5858972492045761,-0.3827238860605625,-0.2103133643022094,0.7086526742602394,67.8
-0.5391704305219586,-0.8364706610158934,0.6414184599027851,0.3387300483840815,-0.25912260592386327,-0.09384467911491202,1.215581432263213,-0.6727584767806822,11.58
-0.5391704305219586,-0.8364706610158934,0.6414184599027851,0.3387300483840815,-0.25912260592386327,-0.09384467911491202,1.215581432263213,-0.500082082900567,24.45
-0.5391704305219586,-0.8364706610158934,0.6414184599027851,0.3387300483840815,-0.25912260592386327,-0.09384467911491202,1.215581432263213,-0.2803121270531477,24.89
-0.5391704305219586,-0.8364706610158934,0.6414184599027851,0.3387300483840815,-0.25912260592386327,-0.09384467911491202,1.215581432263213,0.15922778464169102,29.45
-0.5391704305219586,-0.8364706610158934,0.6414184599027851,0.3387300483840815,-0.25912260592386327,-0.09384467911491202,1.215581432263213,0.8499333601621518,40.71
-0.4298623018337908,-0.8364706610158934,0.6086959551680208,0.7419423401678542,-0.24222220882129453,-0.353062181775965,0.9901779753388984,-0.6727584767806822,10.38
-0.4298623018337908,-0.8364706610158934,0.6086959551680208,0.7419423401678542,-0.24222220882129453,-0.353062181775965,0.9901779753388984,-0.500082082900567,22.14
-0.4298623018337908,-0.8364706610158934,0.6086959551680208,0.7419423401678542,-0.24222220882129453,-0.353062181775965,0.9901779753388984,-0.2803121270531477,22.84
-0.4298623018337908,-0.8364706610158934,0.6086959551680208,0.7419423401678542,-0.24222220882129453,-0.353062181775965,0.9901779753388984,0.15922778464169102,27.66
-0.4298623018337908,-0.8364706610158934,0.6086959551680208,0.7419423401678542,-0.24222220882129453,-0.353062181775965,0.9901779753388984,0.8499333601621518,34.56
-0.8047700063695242,-0.8364706610158934,0.7006306113275965,-0.7724480115316658,0.24788930715320037,0.41298357235669786,1.6589164083132484,-0.6727584767806822,12.45
-0.8047700063695242,-0.8364706610158934,0.7006306113275965,-0.7724480115316658,0.24788930715320037,0.41298357235669786,1.6589164083132484,-0.500082082900567,24.99
-0.8047700063695242,-0.8364706610158934,0.7006306113275965,-0.7724480115316658,0.24788930715320037,0.41298357235669786,1.6589164083132484,-0.2803121270531477,25.72
-0.8047700063695242,-0.8364706610158934,0.7006306113275965,-0.7724480115316658,0.24788930715320037,0.41298357235669786,1.6589164083132484,0.15922778464169102,33.96
-0.8047700063695242,-0.8364706610158934,0.7006306113275965,-0.7724480115316658,0.24788930715320037,0.41298357235669786,1.6589164083132484,0.8499333601621518,37.34
-0.8431237357337935,-0.8364706610158934,1.0886260246112294,-0.9365460372576199,0.29859049846090674,1.491122041136002,0.3899323055183445,-0.6727584767806822,15.04
-0.8431237357337935,-0.8364706610158934,1.0886260246112294,-0.9365460372576199,0.29859049846090674,1.491122041136002,0.3899323055183445,-0.500082082900567,21.06
-0.8431237357337935,-0.8364706610158934,1.0886260246112294,-0.9365460372576199,0.29859049846090674,1.491122041136002,0.3899323055183445,-0.2803121270531477,26.4
-0.8431237357337935,-0.8364706610158934,1.0886260246112294,-0.9365460372576199,0.29859049846090674,1.491122041136002,0.3899323055183445,0.15922778464169102,35.34
-0.8431237357337935,-0.8364706610158934,1.0886260246112294,-0.9365460372576199,0.29859049846090674,1.491122041136002,0.3899323055183445,0.8499333601621518,40.57
-0.6379312836349523,-0.8364706610158934,1.0294138731864177,-0.08323630348265766,-0.05631784069303776,1.0732789025181844,0.08233753280947116,-0.6727584767806822,12.47
-0.6379312836349523,-0.8364706610158934,1.0294138731864177,-0.08323630348265766,-0.05631784069303776,1.0732789025181844,0.08233753280947116,-0.500082082900567,20.92
-0.6379312836349523,-0.8364706610158934,1.0294138731864177,-0.08323630348265766,-0.05631784069303776,1.0732789025181844,0.08233753280947116,-0.2803121270531477,24.9
-0.6379312836349523,-0.8364706610158934,1.0294138731864177,-0.08323630348265766,-0.05631784069303776,1.0732789025181844,0.08233753280947116,0.15922778464169102,34.2
-0.6379312836349523,-0.8364706610158934,1.0294138731864177,-0.08323630348265766,-0.05631784069303776,1.0732789025181844,0.08233753280947116,0.8499333601621518,39.61
-0.4662983447298468,-0.8364706610158934,0.9779927943175026,0.6294179796700569,-0.24222220882129453,0.70960061520268,-0.17544432124209342,-0.6727584767806822,10.03
-0.4662983447298468,-0.8364706610158934,0.9779927943175026,0.6294179796700569,-0.24222220882129453,0.70960061520268,-0.17544432124209342,-0.500082082900567,20.08
-0.4662983447298468,-0.8364706610158934,0.9779927943175026,0.6294179796700569,-0.24222220882129453,0.70960061520268,-0.17544432124209342,-0.2803121270531477,24.48
-0.4662983447298468,-0.8364706610158934,0.9779927943175026,0.6294179796700569,-0.24222220882129453,0.70960061520268,-0.17544432124209342,0.15922778464169102,31.54
-0.4662983447298468,-0.8364706610158934,0.9779927943175026,0.6294179796700569,-0.24222220882129453,0.70960061520268,-0.17544432124209342,0.8499333601621518,35.34
-0.8469591086702203,-0.8364706610158934,1.085509595588871,-0.9459230672991025,0.6534988376148514,1.4666188941182892,0.3724977839882872,-0.6727584767806822,9.45
-0.8469591086702203,-0.8364706610158934,1.085509595588871,-0.9459230672991025,0.6534988376148514,1.4666188941182892,0.3724977839882872,-0.500082082900567,22.72
-0.8469591086702203,-0.8364706610158934,1.085509595588871,-0.9459230672991025,0.6534988376148514,1.4666188941182892,0.3724977839882872,-0.2803121270531477,28.47
-0.8469591086702203,-0.8364706610158934,1.085509595588871,-0.9459230672991025,0.6534988376148514,1.4666188941182892,0.3724977839882872,0.15922778464169102,38.56
-0.8469591086702203,-0.8364706610158934,1.085509595588871,-0.9459230672991025,0.6534988376148514,1.4666188941182892,0.3724977839882872,0.8499333601621518,40.39
-1.07899917132405,-0.8364706610158934,1.6791893243481644,-0.26139987427083694,-0.25912260592386327,1.086175295685401,0.09230011654093348,-0.6727584767806822,10.76
-1.07899917132405,-0.8364706610158934,1.6791893243481644,-0.26139987427083694,-0.25912260592386327,1.086175295685401,0.09230011654093348,-0.500082082900567,25.48
-1.07899917132405,-0.8364706610158934,1.6791893243481644,-0.26139987427083694,-0.25912260592386327,1.086175295685401,0.09230011654093348,-0.2803121270531477,21.54
-1.07899917132405,-0.8364706610158934,1.6791893243481644,-0.26139987427083694,-0.25912260592386327,1.086175295685401,0.09230011654093348,0.15922778464169102,28.63
-1.07899917132405,-0.8364706610158934,1.6791893243481644,-0.26139987427083694,-0.25912260592386327,1.086175295685401,0.09230011654093348,0.8499333601621518,33.54
-1.0607811498760222,-0.3476628804340591,1.6869803969040607,-2.826017590616463,-0.05631784069303776,1.0874649350021244,0.09230011654093348,-0.6727584767806822,7.75
-1.0607811498760222,-0.3476628804340591,1.6869803969040607,-2.826017590616463,-0.05631784069303776,1.0874649350021244,0.09230011654093348,-0.500082082900567,17.82
-1.0607811498760222,-0.3476628804340591,1.6869803969040607,-2.826017590616463,-0.05631784069303776,1.0874649350021244,0.09230011654093348,-0.2803121270531477,24.24
-1.0607811498760222,-0.3476628804340591,1.6869803969040607,-2.826017590616463,-0.05631784069303776,1.0874649350021244,0.09230011654093348,0.15922778464169102,32.85
-1.0607811498760222,-0.3476628804340591,1.6869803969040607,-2.826017590616463,-0.05631784069303776,1.0874649350021244,0.09230011654093348,0.8499333601621518,39.23
-0.6225897918892447,0.3025327421926089,-0.48361241716863207,-0.017597093192277074,0.14648692453778772,1.1790293264893608,0.1583022337618651,-0.6727584767806822,18.0
-0.6225897918892447,0.3025327421926089,-0.48361241716863207,-0.017597093192277074,0.14648692453778772,1.1790293264893608,0.1583022337618651,-0.500082082900567,30.39
-0.6225897918892447,0.3025327421926089,-0.48361241716863207,-0.017597093192277074,0.14648692453778772,1.1790293264893608,0.1583022337618651,-0.2803121270531477,45.71
-0.6225897918892447,0.3025327421926089,-0.48361241716863207,-0.017597093192277074,0.14648692453778772,1.1790293264893608,0.1583022337618651,0.15922778464169102,50.77
-0.6225897918892447,0.3025327421926089,-0.48361241716863207,-0.017597093192277074,0.14648692453778772,1.1790293264893608,0.1583022337618651,0.8499333601621518,53.9
-0.6216309486551377,0.3025327421926089,-0.48361241716863207,-0.017597093192277074,0.11268613033265011,1.1816086051228047,0.1595475567282981,-0.6727584767806822,13.18
-0.6216309486551377,0.3025327421926089,-0.48361241716863207,-0.017597093192277074,0.11268613033265011,1.1816086051228047,0.1595475567282981,-0.500082082900567,17.84
-0.6216309486551377,0.3025327421926089,-0.48361241716863207,-0.017597093192277074,0.11268613033265011,1.1816086051228047,0.1595475567282981,-0.2803121270531477,40.23
-0.6216309486551377,0.3025327421926089,-0.48361241716863207,-0.017597093192277074,0.11268613033265011,1.1816086051228047,0.1595475567282981,0.15922778464169102,47.13
-0.6216309486551377,0.3025327421926089,-0.48361241716863207,-0.017597093192277074,0.11268613033265011,1.1816086051228047,0.1595475567282981,0.8499333601621518,49.97
-0.46917487443216715,-0.8364706610158934,0.9764345798063235,0.6153524346078317,0.011283747717237298,0.6928353040852961,-0.18789755090642027,-0.6727584767806822,13.36
-0.46917487443216715,-0.8364706610158934,0.9764345798063235,0.6153524346078317,0.011283747717237298,0.6928353040852961,-0.18789755090642027,-0.500082082900567,22.32
-0.46917487443216715,-0.8364706610158934,0.9764345798063235,0.6153524346078317,0.011283747717237298,0.6928353040852961,-0.18789755090642027,-0.2803121270531477,24.54
-0.46917487443216715,-0.8364706610158934,0.9764345798063235,0.6153524346078317,0.011283747717237298,0.6928353040852961,-0.18789755090642027,0.15922778464169102,31.35
-0.46917487443216715,-0.8364706610158934,0.9764345798063235,0.6153524346078317,0.011283747717237298,0.6928353040852961,-0.18789755090642027,0.8499333601621518,40.86
-0.3886320427672014,-0.8364706610158934,0.6009048826121246,0.21682865784480024,0.16338732164035644,-0.3156626415910373,0.9254211810843983,-0.6727584767806822,19.93
-0.3886320427672014,-0.8364706610158934,0.6009048826121246,0.21682865784480024,0.16338732164035644,-0.3156626415910373,0.9254211810843983,-0.500082082900567,25.69
-0.3886320427672014,-0.8364706610158934,0.6009048826121246,0.21682865784480024,0.16338732164035644,-0.3156626415910373,0.9254211810843983,-0.2803121270531477,30.23
-0.3886320427672014,-0.8364706610158934,0.6009048826121246,0.21682865784480024,0.16338732164035644,-0.3156626415910373,0.9254211810843983,0.15922778464169102,39.59
-0.3886320427672014,-0.8364706610158934,0.6009048826121246,0.21682865784480024,0.16338732164035644,-0.3156626415910373,0.9254211810843983,0.8499333601621518,44.3
-0.27452969790849996,-0.8364706610158934,0.6258363147909927,0.24964826298999188,-0.09011863489817537,-0.22538788942052143,1.10225704231784,-0.6727584767806822,13.82
-0.27452969790849996,-0.8364706610158934,0.6258363147909927,0.24964826298999188,-0.09011863489817537,-0.22538788942052143,1.10225704231784,-0.500082082900567,24.92
-0.27452969790849996,-0.8364706610158934,0.6258363147909927,0.24964826298999188,-0.09011863489817537,-0.22538788942052143,1.10225704231784,-0.2803121270531477,29.22
-0.27452969790849996,-0.8364706610158934,0.6258363147909927,0.24964826298999188,-0.09011863489817537,-0.22538788942052143,1.10225704231784,0.15922778464169102,38.33
-0.27452969790849996,-0.8364706610158934,0.6258363147909927,0.24964826298999188,-0.09011863489817537,-0.22538788942052143,1.10225704231784,0.8499333601621518,42.35
-0.6340959106985253,-0.8364706610158934,0.6990723968164174,-1.0678244578383824,0.4506940723840257,0.43103852279080074,1.6302739800852972,-0.6727584767806822,13.54
-0.6340959106985253,-0.8364706610158934,0.6990723968164174,-1.0678244578383824,0.4506940723840257,0.43103852279080074,1.6302739800852972,-0.500082082900567,26.31
-0.6340959106985253,-0.8364706610158934,0.6990723968164174,-1.0678244578383824,0.4506940723840257,0.43103852279080074,1.6302739800852972,-0.2803121270531477,31.64
-0.6340959106985253,-0.8364706610158934,0.6990723968164174,-1.0678244578383824,0.4506940723840257,0.43103852279080074,1.6302739800852972,0.15922778464169102,42.55
-0.6340959106985253,-0.8364706610158934,0.6990723968164174,-1.0678244578383824,0.4506940723840257,0.43103852279080074,1.6302739800852972,0.8499333601621518,42.92
-0.6331370674644187,-0.8364706610158934,0.6990723968164174,-1.063135942817641,0.7380008231276953,0.37945295012193453,1.6327646260181619,-0.6727584767806822,13.33
-0.6331370674644187,-0.8364706610158934,0.6990723968164174,-1.063135942817641,0.7380008231276953,0.37945295012193453,1.6327646260181619,-0.500082082900567,25.37
-0.6331370674644187,-0.8364706610158934,0.6990723968164174,-1.063135942817641,0.7380008231276953,0.37945295012193453,1.6327646260181619,-0.2803121270531477,37.4
-0.6331370674644187,-0.8364706610158934,0.6990723968164174,-1.063135942817641,0.7380008231276953,0.37945295012193453,1.6327646260181619,0.15922778464169102,44.4
-0.6331370674644187,-0.8364706610158934,0.6990723968164174,-1.063135942817641,0.7380008231276953,0.37945295012193453,1.6327646260181619,0.8499333601621518,47.74
-0.638890126869059,-0.8364706610158934,1.0792767375441539,-1.0818900029006076,0.29859049846090674,1.4317986325668068,0.33389277202887374,-0.6727584767806822,19.52
-0.638890126869059,-0.8364706610158934,1.0792767375441539,-1.0818900029006076,0.29859049846090674,1.4317986325668068,0.33389277202887374,-0.500082082900567,31.35
-0.638890126869059,-0.8364706610158934,1.0792767375441539,-1.0818900029006076,0.29859049846090674,1.4317986325668068,0.33389277202887374,-0.2803121270531477,38.5
-0.638890126869059,-0.8364706610158934,1.0792767375441539,-1.0818900029006076,0.29859049846090674,1.4317986325668068,0.33389277202887374,0.15922778464169102,45.08
-0.638890126869059,-0.8364706610158934,1.0792767375441539,-1.0818900029006076,0.29859049846090674,1.4317986325668068,0.33389277202887374,0.8499333601621518,47.82
-0.4490391665159255,-0.8364706610158934,1.0294138731864177,-0.3786127497893756,0.11268613033265011,1.057803230717527,0.07237494907801026,-0.6727584767806822,15.44
-0.4490391665159255,-0.8364706610158934,1.0294138731864177,-0.3786127497893756,0.11268613033265011,1.057803230717527,0.07237494907801026,-0.500082082900567,26.77
-0.4490391665159255,-0.8364706610158934,1.0294138731864177,-0.3786127497893756,0.11268613033265011,1.057803230717527,0.07237494907801026,-0.2803121270531477,33.73
-0.4490391665159255,-0.8364706610158934,1.0294138731864177,-0.3786127497893756,0.11268613033265011,1.057803230717527,0.07237494907801026,0.15922778464169102,42.7
-0.4490391665159255,-0.8364706610158934,1.0294138731864177,-0.3786127497893756,0.11268613033265011,1.057803230717527,0.07237494907801026,0.8499333601621518,45.84
-0.26110589263100564,-0.8364706610158934,0.9779927943175026,0.30122192821814864,-0.03941744359046904,0.6967042220354634,-0.1866522279399873,-0.6727584767806822,17.22
-0.26110589263100564,-0.8364706610158934,0.9779927943175026,0.30122192821814864,-0.03941744359046904,0.6967042220354634,-0.1866522279399873,-0.500082082900567,29.93
-0.26110589263100564,-0.8364706610158934,0.9779927943175026,0.30122192821814864,-0.03941744359046904,0.6967042220354634,-0.1866522279399873,-0.2803121270531477,29.65
-0.26110589263100564,-0.8364706610158934,0.9779927943175026,0.30122192821814864,-0.03941744359046904,0.6967042220354634,-0.1866522279399873,0.15922778464169102,36.97
-0.26110589263100564,-0.8364706610158934,0.9779927943175026,0.30122192821814864,-0.03941744359046904,0.6967042220354634,-0.1866522279399873,0.8499333601621518,43.58
-0.26110589263100564,-0.8364706610158934,0.9779927943175026,0.30122192821814864,0.06198493902494378,0.6967042220354634,-0.1866522279399873,-0.6727584767806822,13.12
-0.26110589263100564,-0.8364706610158934,0.9779927943175026,0.30122192821814864,0.06198493902494378,0.6967042220354634,-0.1866522279399873,-0.500082082900567,24.43
-0.26110589263100564,-0.8364706610158934,0.9779927943175026,0.30122192821814864,0.06198493902494378,0.6967042220354634,-0.1866522279399873,-0.2803121270531477,32.66
-0.26110589263100564,-0.8364706610158934,0.9779927943175026,0.30122192821814864,0.06198493902494378,0.6967042220354634,-0.1866522279399873,0.15922778464169102,36.64
-0.26110589263100564,-0.8364706610158934,0.9779927943175026,0.30122192821814864,0.06198493902494378,0.6967042220354634,-0.1866522279399873,0.8499333601621518,44.21
-0.9322961565057196,-0.8364706610158934,1.7368432612617966,-0.5849074107020039,0.2647897042557691,1.0474861161837514,0.06365768831298091,-0.6727584767806822,13.62
-0.9322961565057196,-0.8364706610158934,1.7368432612617966,-0.5849074107020039,0.2647897042557691,1.0474861161837514,0.06365768831298091,-0.500082082900567,21.6
-0.9322961565057196,-0.8364706610158934,1.7368432612617966,-0.5849074107020039,0.2647897042557691,1.0474861161837514,0.06365768831298091,-0.2803121270531477,27.77
-0.9322961565057196,-0.8364706610158934,1.7368432612617966,-0.5849074107020039,0.2647897042557691,1.0474861161837514,0.06365768831298091,0.15922778464169102,35.57
-0.9322961565057196,-0.8364706610158934,1.7368432612617966,-0.5849074107020039,0.2647897042557691,1.0474861161837514,0.06365768831298091,0.8499333601621518,45.37
-0.9265430971010793,-0.31166990846722564,1.0356467312311348,-0.5567763205775549,0.36619208687118177,1.0964924102191766,0.09977205433952986,-0.6727584767806822,7.32
-0.9265430971010793,-0.31166990846722564,1.0356467312311348,-0.5567763205775549,0.36619208687118177,1.0964924102191766,0.09977205433952986,-0.500082082900567,21.5
-0.9265430971010793,-0.31166990846722564,1.0356467312311348,-0.5567763205775549,0.36619208687118177,1.0964924102191766,0.09977205433952986,-0.2803121270531477,31.27
-0.9265430971010793,-0.31166990846722564,1.0356467312311348,-0.5567763205775549,0.36619208687118177,1.0964924102191766,0.09977205433952986,0.15922778464169102,43.5
-0.9265430971010793,-0.31166990846722564,1.0356467312311348,-0.5567763205775549,0.36619208687118177,1.0964924102191766,0.09977205433952986,0.8499333601621518,48.67
-1.0521515607690615,-0.3465018168222257,1.0714856649882576,-1.1147096080457979,0.8056024115379705,1.372475223997609,0.29279711413659576,-0.6727584767806822,7.4
-1.0521515607690615,-0.3465018168222257,1.0714856649882576,-1.1147096080457979,0.8056024115379705,1.372475223997609,0.29279711413659576,-0.500082082900567,23.51
-1.0521515607690615,-0.3465018168222257,1.0714856649882576,-1.1147096080457979,0.8056024115379705,1.372475223997609,0.29279711413659576,-0.2803121270531477,31.12
-1.0521515607690615,-0.3465018168222257,1.0714856649882576,-1.1147096080457979,0.8056024115379705,1.372475223997609,0.29279711413659576,0.15922778464169102,39.15
-1.0521515607690615,-0.3465018168222257,1.0714856649882576,-1.1147096080457979,0.8056024115379705,1.372475223997609,0.29279711413659576,0.8499333601621518,48.15
0.11284296867062046,-0.8364706610158934,0.633627387346889,-0.6552351360131271,0.5689968521020075,-0.1699333988014894,1.1495793150422813,-0.6727584767806822,22.5
0.11284296867062046,-0.8364706610158934,0.633627387346889,-0.6552351360131271,0.5689968521020075,-0.1699333988014894,1.1495793150422813,-0.500082082900567,34.67
0.11284296867062046,-0.8364706610158934,0.633627387346889,-0.6552351360131271,0.5689968521020075,-0.1699333988014894,1.1495793150422813,-0.2803121270531477,34.74
0.11284296867062046,-0.8364706610158934,0.633627387346889,-0.6552351360131271,0.5689968521020075,-0.1699333988014894,1.1495793150422813,0.15922778464169102,45.08
0.11284296867062046,-0.8364706610158934,0.633627387346889,-0.6552351360131271,0.5689968521020075,-0.1699333988014894,1.1495793150422813,0.8499333601621518,48.97
-0.014683181465574763,-0.8364706610158934,0.6523259614810399,-1.0068737625687432,0.9746063825636584,-0.006149205577840057,1.2815835494841459,-0.6727584767806822,23.14
-0.014683181465574763,-0.8364706610158934,0.6523259614810399,-1.0068737625687432,0.9746063825636584,-0.006149205577840057,1.2815835494841459,-0.500082082900567,41.89
-0.014683181465574763,-0.8364706610158934,0.6523259614810399,-1.0068737625687432,0.9746063825636584,-0.006149205577840057,1.2815835494841459,-0.2803121270531477,48.28
-0.014683181465574763,-0.8364706610158934,0.6523259614810399,-1.0068737625687432,0.9746063825636584,-0.006149205577840057,1.2815835494841459,0.15922778464169102,51.04
-0.014683181465574763,-0.8364706610158934,0.6523259614810399,-1.0068737625687432,0.9746063825636584,-0.006149205577840057,1.2815835494841459,0.8499333601621518,55.64
0.16366166007827748,-0.8364706610158934,0.6242781002798132,-0.4958256253079143,0.48449486658916346,-0.24860139712151064,1.0773505829891863,-0.6727584767806822,22.95
0.16366166007827748,-0.8364706610158934,0.6242781002798132,-0.4958256253079143,0.48449486658916346,-0.24860139712151064,1.0773505829891863,-0.500082082900567,35.23
0.16366166007827748,-0.8364706610158934,0.6242781002798132,-0.4958256253079143,0.48449486658916346,-0.24860139712151064,1.0773505829891863,-0.2803121270531477,39.94
0.16366166007827748,-0.8364706610158934,0.6242781002798132,-0.4958256253079143,0.48449486658916346,-0.24860139712151064,1.0773505829891863,0.15922778464169102,48.72
0.16366166007827748,-0.8364706610158934,0.6242781002798132,-0.4958256253079143,0.48449486658916346,-0.24860139712151064,1.0773505829891863,0.8499333601621518,52.04
-0.25727051969457865,-0.8364706610158934,0.6912813242605211,-1.6867084405762673,1.076008765179071,0.40782501508981156,1.5829517073608546,-0.6727584767806822,21.02
-0.25727051969457865,-0.8364706610158934,0.6912813242605211,-1.6867084405762673,1.076008765179071,0.40782501508981156,1.5829517073608546,-0.500082082900567,33.36
-0.25727051969457865,-0.8364706610158934,0.6912813242605211,-1.6867084405762673,1.076008765179071,0.40782501508981156,1.5829517073608546,-0.2803121270531477,33.94
-0.25727051969457865,-0.8364706610158934,0.6912813242605211,-1.6867084405762673,1.076008765179071,0.40782501508981156,1.5829517073608546,0.15922778464169102,44.14
-0.25727051969457865,-0.8364706610158934,0.6912813242605211,-1.6867084405762673,1.076008765179071,0.40782501508981156,1.5829517073608546,0.8499333601621518,45.37
-0.28315928701546067,-0.8364706610158934,0.6741409646375492,-1.1240866380872818,1.1436103535893463,0.17311065944646972,1.4484568269861253,-0.6727584767806822,15.36
-0.28315928701546067,-0.8364706610158934,0.6741409646375492,-1.1240866380872818,1.1436103535893463,0.17311065944646972,1.4484568269861253,-0.500082082900567,28.68
-0.28315928701546067,-0.8364706610158934,0.6741409646375492,-1.1240866380872818,1.1436103535893463,0.17311065944646972,1.4484568269861253,-0.2803121270531477,30.85
-0.28315928701546067,-0.8364706610158934,0.6741409646375492,-1.1240866380872818,1.1436103535893463,0.17311065944646972,1.4484568269861253,0.15922778464169102,42.03
-0.28315928701546067,-0.8364706610158934,0.6741409646375492,-1.1240866380872818,1.1436103535893463,0.17311065944646972,1.4484568269861253,0.8499333601621518,51.06
-0.252476303524045,-0.8364706610158934,0.6741409646375492,-1.6773314105347834,1.380215913025309,0.17311065944646972,1.4484568269861253,-0.6727584767806822,21.78
-0.252476303524045,-0.8364706610158934,0.6741409646375492,-1.6773314105347834,1.380215913025309,0.17311065944646972,1.4484568269861253,-0.500082082900567,42.29
-0.252476303524045,-0.8364706610158934,0.6741409646375492,-1.6773314105347834,1.380215913025309,0.17311065944646972,1.4484568269861253,-0.2803121270531477,50.6
-0.252476303524045,-0.8364706610158934,0.6741409646375492,-1.6773314105347834,1.380215913025309,0.17311065944646972,1.4484568269861253,0.15922778464169102,55.83
-0.252476303524045,-0.8364706610158934,0.6741409646375492,-1.6773314105347834,1.380215913025309,0.17311065944646972,1.4484568269861253,0.8499333601621518,60.95
-0.30521268139991536,-0.8364706610158934,1.0839513810776913,-1.8179868611570298,1.0084071767687959,1.4498535830009083,0.35132729355893105,-0.6727584767806822,23.52
-0.30521268139991536,-0.8364706610158934,1.0839513810776913,-1.8179868611570298,1.0084071767687959,1.4498535830009083,0.35132729355893105,-0.500082082900567,42.22
-0.30521268139991536,-0.8364706610158934,1.0839513810776913,-1.8179868611570298,1.0084071767687959,1.4498535830009083,0.35132729355893105,-0.2803121270531477,52.5
-0.30521268139991536,-0.8364706610158934,1.0839513810776913,-1.8179868611570298,1.0084071767687959,1.4498535830009083,0.35132729355893105,0.15922778464169102,60.32
-0.30521268139991536,-0.8364706610158934,1.0839513810776913,-1.8179868611570298,1.0084071767687959,1.4498535830009083,0.35132729355893105,0.8499333601621518,66.42
-0.03386004614770945,-0.8364706610158934,1.0262974441640593,-1.0584474277968998,0.6534988376148514,1.0216933298493183,0.059921719413683426,-0.6727584767806822,23.8
-0.03386004614770945,-0.8364706610158934,1.0262974441640593,-1.0584474277968998,0.6534988376148514,1.0216933298493183,0.059921719413683426,-0.500082082900567,38.77
-0.03386004614770945,-0.8364706610158934,1.0262974441640593,-1.0584474277968998,0.6534988376148514,1.0216933298493183,0.059921719413683426,-0.2803121270531477,51.33
-0.03386004614770945,-0.8364706610158934,1.0262974441640593,-1.0584474277968998,0.6534988376148514,1.0216933298493183,0.059921719413683426,0.15922778464169102,56.85
-0.03386004614770945,-0.8364706610158934,1.0262974441640593,-1.0584474277968998,0.6534988376148514,1.0216933298493183,0.059921719413683426,0.8499333601621518,58.61
0.17804430858987852,-0.8364706610158934,0.9655270782280687,-0.3411046296234427,0.5858972492045761,0.624484420299049,-0.23895579253016055,-0.6727584767806822,21.91
0.17804430858987852,-0.8364706610158934,0.9655270782280687,-0.3411046296234427,0.5858972492045761,0.624484420299049,-0.23895579253016055,-0.500082082900567,36.99
0.17804430858987852,-0.8364706610158934,0.9655270782280687,-0.3411046296234427,0.5858972492045761,0.624484420299049,-0.23895579253016055,-0.2803121270531477,47.4
0.17804430858987852,-0.8364706610158934,0.9655270782280687,-0.3411046296234427,0.5858972492045761,0.624484420299049,-0.23895579253016055,0.15922778464169102,51.96
0.17804430858987852,-0.8364706610158934,0.9655270782280687,-0.3411046296234427,0.5858972492045761,0.624484420299049,-0.23895579253016055,0.8499333601621518,56.74
-0.6225897918892447,-0.8364706610158934,1.8568257786225983,-1.278807633771752,0.7042000289225575,1.0204036905325977,0.046223166782923625,-0.6727584767806822,17.57
-0.6225897918892447,-0.8364706610158934,1.8568257786225983,-1.278807633771752,0.7042000289225575,1.0204036905325977,0.046223166782923625,-0.500082082900567,33.73
-0.6225897918892447,-0.8364706610158934,1.8568257786225983,-1.278807633771752,0.7042000289225575,1.0204036905325977,0.046223166782923625,-0.2803121270531477,40.15
-0.6225897918892447,-0.8364706610158934,1.8568257786225983,-1.278807633771752,0.7042000289225575,1.0204036905325977,0.046223166782923625,0.15922778464169102,46.64
-0.6225897918892447,-0.8364706610158934,1.8568257786225983,-1.278807633771752,0.7042000289225575,1.0204036905325977,0.046223166782923625,0.8499333601621518,50.08
-0.624507478357458,-0.8364706610158934,1.849034706066702,-1.288184663813236,0.9577059854610893,1.0049280187319374,0.03501526008502976,-0.6727584767806822,17.37
-0.624507478357458,-0.8364706610158934,1.849034706066702,-1.288184663813236,0.9577059854610893,1.0049280187319374,0.03501526008502976,-0.500082082900567,33.7
-0.624507478357458,-0.8364706610158934,1.849034706066702,-1.288184663813236,0.9577059854610893,1.0049280187319374,0.03501526008502976,-0.2803121270531477,45.94
-0.624507478357458,-0.8364706610158934,1.849034706066702,-1.288184663813236,0.9577059854610893,1.0049280187319374,0.03501526008502976,0.15922778464169102,51.43
-0.624507478357458,-0.8364706610158934,1.849034706066702,-1.288184663813236,0.9577059854610893,1.0049280187319374,0.03501526008502976,0.8499333601621518,59.3
-0.013724338231468356,0.2990495513571089,-0.48361241716863207,-1.0021852475480018,0.8732039999482454,1.1261541145037741,0.12218786773531759,-0.6727584767806822,30.45
-0.013724338231468356,0.2990495513571089,-0.48361241716863207,-1.0021852475480018,0.8732039999482454,1.1261541145037741,0.12218786773531759,-0.500082082900567,47.71
-0.013724338231468356,0.2990495513571089,-0.48361241716863207,-1.0021852475480018,0.8732039999482454,1.1261541145037741,0.12218786773531759,-0.2803121270531477,63.14
-0.013724338231468356,0.2990495513571089,-0.48361241716863207,-1.0021852475480018,0.8732039999482454,1.1261541145037741,0.12218786773531759,0.15922778464169102,66.82
-0.013724338231468356,0.2990495513571089,-0.48361241716863207,-1.0021852475480018,0.8732039999482454,1.1261541145037741,0.12218786773531759,0.8499333601621518,66.95
-0.5794418463544416,-0.20252992895489208,1.0636945924323615,-1.9351997366755684,0.9915067796662271,1.3067036188448058,0.24921081031145184,-0.6727584767806822,27.42
-0.5794418463544416,-0.20252992895489208,1.0636945924323615,-1.9351997366755684,0.9915067796662271,1.3067036188448058,0.24921081031145184,-0.500082082900567,35.96
-0.5794418463544416,-0.20252992895489208,1.0636945924323615,-1.9351997366755684,0.9915067796662271,1.3067036188448058,0.24921081031145184,-0.2803121270531477,55.51
-0.5794418463544416,-0.20252992895489208,1.0636945924323615,-1.9351997366755684,0.9915067796662271,1.3067036188448058,0.24921081031145184,0.15922778464169102,61.99
-0.5794418463544416,-0.20252992895489208,1.0636945924323615,-1.9351997366755684,0.9915067796662271,1.3067036188448058,0.24921081031145184,0.8499333601621518,63.53
-0.6110836730799637,-0.2118184378495588,1.0340885167199556,-1.2412995136058205,0.6027976463071448,0.5148650783777083,0.09852673137309689,-0.6727584767806822,18.02
-0.6110836730799637,-0.2118184378495588,1.0340885167199556,-1.2412995136058205,0.6027976463071448,0.5148650783777083,0.09852673137309689,-0.500082082900567,38.6
-0.6110836730799637,-0.2118184378495588,1.0340885167199556,-1.2412995136058205,0.6027976463071448,0.5148650783777083,0.09852673137309689,-0.2803121270531477,52.2
-0.6110836730799637,-0.2118184378495588,1.0340885167199556,-1.2412995136058205,0.6027976463071448,0.5148650783777083,0.09852673137309689,0.15922778464169102,53.96
-0.6110836730799637,-0.2118184378495588,1.0340885167199556,-1.2412995136058205,0.6027976463071448,0.5148650783777083,0.09852673137309689,0.8499333601621518,56.63
-0.5727299437156943,-0.8364706610158934,1.068369235965899,-1.1053325780043153,0.8901043970508145,1.3453927983464555,0.27660791557297004,-0.6727584767806822,15.34
-0.5727299437156943,-0.8364706610158934,1.068369235965899,-1.1053325780043153,0.8901043970508145,1.3453927983464555,0.27660791557297004,-0.500082082900567,26.05
-0.5727299437156943,-0.8364706610158934,1.068369235965899,-1.1053325780043153,0.8901043970508145,1.3453927983464555,0.27660791557297004,-0.2803121270531477,30.22
-0.5727299437156943,-0.8364706610158934,1.068369235965899,-1.1053325780043153,0.8901043970508145,1.3453927983464555,0.27660791557297004,0.15922778464169102,37.27
-0.5727299437156943,-0.8364706610158934,1.068369235965899,-1.1053325780043153,0.8901043970508145,1.3453927983464555,0.27660791557297004,0.8499333601621518,46.23
0.9336127770659852,-0.8364706610158934,-0.8653749724075479,1.524924348631692,-1.0196404755394586,0.37558403217177017,-0.12812204851765202,-0.6727584767806822,16.28
0.9336127770659852,-0.8364706610158934,-0.8653749724075479,1.524924348631692,-1.0196404755394586,0.37558403217177017,-0.12812204851765202,-0.500082082900567,25.62
0.9336127770659852,-0.8364706610158934,-0.8653749724075479,1.524924348631692,-1.0196404755394586,0.37558403217177017,-0.12812204851765202,-0.2803121270531477,31.97
0.9336127770659852,-0.8364706610158934,-0.8653749724075479,1.524924348631692,-1.0196404755394586,0.37558403217177017,-0.12812204851765202,0.15922778464169102,36.3
0.9336127770659852,-0.8364706610158934,-0.8653749724075479,1.524924348631692,-1.0196404755394586,0.37558403217177017,-0.12812204851765202,0.8499333601621518,43.06
2.122578387358336,-0.8364706610158934,-0.8653749724075479,-1.9727078568415013,-0.3436245914367072,-0.10803071159885053,1.0001405590703594,-0.2803121270531477,67.57
1.8828675788316522,-0.8364706610158934,0.05397158918820854,-1.8789375564266704,-0.6985329305906517,1.5942931864737342,-1.6399441297669293,-0.2803121270531477,57.23
0.3487184042608773,0.7541864871957766,-0.8653749724075479,-1.738282105804424,-0.022517046487900157,2.006977767824664,-0.34480824467693866,-0.2803121270531477,81.75
2.1705205490636725,-0.8364706610158934,0.06955373430000102,0.6059754045663491,-1.0196404755394586,0.7173384511030088,-1.7769296560745245,-0.2803121270531477,64.02
1.652745202646036,-0.8364706610158934,-0.8653749724075479,-0.8005791016561148,0.8901043970508145,0.7173384511030088,-0.34480824467693866,-0.2803121270531477,78.8
2.2759933048154135,-0.8364706610158934,-0.8653749724075479,-0.9412345522783612,0.36619208687118177,-2.2359355841895816,0.3650258461896908,-0.2803121270531477,41.37
2.314347034179683,-0.8364706610158934,-0.8653749724075479,-0.5661533506190375,-0.1408198262058817,-1.5395303531598878,1.025047018399013,-0.2803121270531477,60.28
2.3910544929082214,-0.8364706610158934,-0.8653749724075479,0.1371239024921945,0.14648692453778772,-0.7012647972908119,-0.6561389862851095,-0.2803121270531477,56.83
2.314347034179683,-0.8364706610158934,-0.8653749724075479,-0.33172759958196013,-0.1408198262058817,-1.3460844556516396,0.40238553518267134,-0.2803121270531477,51.02
1.0199086681355913,-0.8364706610158934,1.2537967627962294,-1.128775153108023,2.3604389449742986,-0.9205034811334932,-0.05838396239742148,-0.2803121270531477,55.55
2.1235372305924427,-0.8364706610158934,-0.8653749724075479,0.8404011556034264,-0.5126285624623951,1.9347579660882523,-1.9861439144352147,-0.2803121270531477,44.13
1.6441156135390755,-0.25593885509922554,-0.8653749724075479,0.8404011556034264,-0.5126285624623951,1.9347579660882523,-1.9861439144352147,-0.2803121270531477,39.38
1.1349698562283994,-0.6367677197805597,1.5966039552556641,-0.7068088012412839,2.4956421217948495,-0.09513431843163397,-1.7395699670815439,-0.2803121270531477,55.65
0.5213101864000895,-0.6332845289450597,1.6745146808146265,-0.7068088012412839,2.005530605820354,0.27886108341764604,-1.502958603459334,-0.2803121270531477,47.28
0.5308986187411568,-0.6321234653332263,1.5966039552556641,0.32466450332185637,1.566120281153566,-0.09513431843163397,-1.7395699670815439,-0.2803121270531477,44.33
1.2116773149569382,-0.8364706610158934,-0.8653749724075479,-0.33172759958196013,-1.0196404755394586,1.8780138361524985,-0.9674697278932802,-0.2803121270531477,52.3
-0.7539513149618672,1.485656562650778,-0.8653749724075479,0.37154965352927183,-1.0196404755394586,2.200423665332912,-1.4033327661447195,-0.2803121270531477,49.25
2.2759933048154135,-0.8364706610158934,-0.8653749724075479,-0.9412345522783612,0.3830924839737508,-2.2359355841895816,0.3650258461896908,-0.2803121270531477,41.37
-1.281315093720571,0.510363128710776,0.9889002958957575,0.09023875228477903,-0.05631784069303776,-1.823251002838652,1.3363777600071838,-0.2803121270531477,29.16
-1.1374886086045608,0.6496907621307764,1.0356467312311348,-0.003531548130051901,0.06198493902494378,-1.939318541343601,1.3239245303428568,-0.2803121270531477,39.4
-0.4279446153655775,0.9747885734441104,-0.8653749724075479,0.32466450332185637,-0.022517046487900157,0.08541518590939776,-0.15800979971203613,-0.2803121270531477,39.3
-0.27452969790849996,1.253443840284111,0.6149288132127378,-1.0818900029006076,0.5858972492045761,-1.475048387323805,0.34011938686103715,-0.2803121270531477,67.87
1.8828675788316522,-0.8364706610158934,-0.8653749724075479,-0.9412345522783612,0.5858972492045761,0.8978879554440405,-1.3784263068160658,-0.2803121270531477,58.52
0.06106543402885703,1.3695502014674446,-0.8653749724075479,-0.8943494020709457,0.2647897042557691,0.7302348442702253,-1.0920020245365485,-0.2803121270531477,53.58
0.7418441302446384,0.5451950370657761,-0.8653749724075479,-1.035004852693192,0.5013952636917322,1.1171266392867218,-1.4406924551376998,-0.2803121270531477,59.0
-0.034818889381816404,1.253443840284111,1.00448244100755,-0.9412345522783612,0.7380008231276953,-1.8619401823403015,-0.09574365139040199,-0.2803121270531477,76.24
2.122578387358336,-0.8364706610158934,-0.8653749724075479,-1.4569712045599312,0.5013952636917322,0.7560276306046585,-1.4655989144663535,-0.2803121270531477,69.84
-1.0895464468992242,-0.8364706610158934,1.3722210656458522,-0.8568412819050129,-1.0196404755394586,0.4026664578229252,1.5966502599916144,-0.6727584767806822,14.4
-1.0895464468992242,0.6554960801899431,1.1930263968602388,-0.3270390845612189,0.349291689768613,0.40524573645636763,-0.32488307721401544,-0.6727584767806822,19.42
-0.9648968264653487,0.6705899071437765,0.9826674378510404,-0.1019903635656241,-0.41122617984698234,0.4245903262071925,-0.3223924312811509,-0.6727584767806822,20.73
-1.0665342092806624,0.6717509707556099,1.138488888968965,-0.3082850244782524,0.29859049846090674,0.4116939330399759,-0.32488307721401544,-0.6727584767806822,14.94
-1.0185920475753258,-0.6785660098065598,1.820986844865476,-1.185037333356921,-0.32672419433413846,0.4116939330399759,1.0424815399290703,-0.6727584767806822,21.29
-1.0080447720001517,-0.2547777914873922,1.8381272044884476,-0.8099561316975974,0.0788853361275125,0.41040429372325543,0.25917339404291273,-0.6727584767806822,23.08
-1.0703695822170896,0.03897130230644181,1.7368432612617966,-0.8474642518635302,0.3154908955634756,0.4245903262071925,-0.03223218010233485,-0.6727584767806822,15.52
-1.0051682422978314,0.24796275243644225,1.6262100309680698,-0.4583175051419814,0.6196980434097136,0.423300686890472,-0.32488307721401544,-0.6727584767806822,15.82
-0.8469591086702203,-0.8364706610158934,1.085509595588871,-0.7255628613242503,0.6534988376148514,1.3492617162966198,0.32642083423027735,-0.6727584767806822,12.55
-0.27452969790849996,-0.8364706610158934,0.6258363147909927,0.4559429239026202,-0.12391942910331297,-0.3285590347582539,1.0524441236605326,-0.6727584767806822,8.49
-0.624507478357458,-0.8364706610158934,1.849034706066702,-1.072512972859125,0.9577059854610893,0.8927293981771527,-0.00981636670654712,-0.6727584767806822,15.61
-0.8047700063695242,-0.8364706610158934,0.7006306113275965,-0.5567763205775549,0.24788930715320037,0.30465386975207914,1.6078581666895082,-0.6727584767806822,12.18
-0.26110589263100564,-0.8364706610158934,0.9779927943175026,0.5075165891307769,-0.03941744359046904,0.8927293981771527,-0.22899320879869967,-0.6727584767806822,11.98
-1.0895464468992242,-0.8364706610158934,1.3722210656458522,-0.8568412819050129,-1.0196404755394586,0.4026664578229252,1.5966502599916144,-0.500082082900567,16.88
-1.0895464468992242,0.6554960801899431,1.1930263968602388,-0.3270390845612189,0.349291689768613,0.40524573645636763,-0.32488307721401544,-0.500082082900567,33.09
-0.9648968264653487,0.6705899071437765,0.9826674378510404,-0.1019903635656241,-0.41122617984698234,0.4245903262071925,-0.3223924312811509,-0.500082082900567,34.24
-1.0665342092806624,0.6717509707556099,1.138488888968965,-0.3082850244782524,0.29859049846090674,0.4116939330399759,-0.32488307721401544,-0.500082082900567,31.81
-1.0185920475753258,-0.6785660098065598,1.820986844865476,-1.185037333356921,-0.32672419433413846,0.4116939330399759,1.0424815399290703,-0.500082082900567,29.75
-1.0080447720001517,-0.2547777914873922,1.8381272044884476,-0.8099561316975974,0.0788853361275125,0.41040429372325543,0.25917339404291273,-0.500082082900567,33.01
-1.0703695822170896,0.03897130230644181,1.7368432612617966,-0.8474642518635302,0.3154908955634756,0.4245903262071925,-0.03223218010233485,-0.500082082900567,32.9
-1.0051682422978314,0.24796275243644225,1.6262100309680698,-0.4583175051419814,0.6196980434097136,0.423300686890472,-0.32488307721401544,-0.500082082900567,29.55
-0.8469591086702203,-0.8364706610158934,1.085509595588871,-0.7255628613242503,0.6534988376148514,1.3492617162966198,0.32642083423027735,-0.500082082900567,19.42
-0.27452969790849996,-0.8364706610158934,0.6258363147909927,0.4559429239026202,-0.12391942910331297,-0.3285590347582539,1.0524441236605326,-0.500082082900567,24.66
-0.624507478357458,-0.8364706610158934,1.849034706066702,-1.072512972859125,0.9577059854610893,0.8927293981771527,-0.00981636670654712,-0.500082082900567,29.59
-0.8047700063695242,-0.8364706610158934,0.7006306113275965,-0.5567763205775549,0.24788930715320037,0.30465386975207914,1.6078581666895082,-0.500082082900567,24.28
-0.26110589263100564,-0.8364706610158934,0.9779927943175026,0.5075165891307769,-0.03941744359046904,0.8927293981771527,-0.22899320879869967,-0.500082082900567,20.73
-1.0895464468992242,-0.8364706610158934,1.3722210656458522,-0.8568412819050129,-1.0196404755394586,0.4026664578229252,1.5966502599916144,-0.2803121270531477,26.2
-1.0895464468992242,0.6554960801899431,1.1930263968602388,-0.3270390845612189,0.349291689768613,0.40524573645636763,-0.32488307721401544,-0.2803121270531477,46.39
-0.9648968264653487,0.6705899071437765,0.9826674378510404,-0.1019903635656241,-0.41122617984698234,0.4245903262071925,-0.3223924312811509,-0.2803121270531477,39.16
-1.0665342092806624,0.6717509707556099,1.138488888968965,-0.3082850244782524,0.29859049846090674,0.4116939330399759,-0.32488307721401544,-0.2803121270531477,41.2
-1.0185920475753258,-0.6785660098065598,1.820986844865476,-1.185037333356921,-0.32672419433413846,0.4116939330399759,1.0424815399290703,-0.2803121270531477,33.69
-1.0080447720001517,-0.2547777914873922,1.8381272044884476,-0.8099561316975974,0.0788853361275125,0.41040429372325543,0.25917339404291273,-0.2803121270531477,38.2
-1.0703695822170896,0.03897130230644181,1.7368432612617966,-0.8474642518635302,0.3154908955634756,0.4245903262071925,-0.03223218010233485,-0.2803121270531477,41.41
-1.0051682422978314,0.24796275243644225,1.6262100309680698,-0.4583175051419814,0.6196980434097136,0.423300686890472,-0.32488307721401544,-0.2803121270531477,37.81
-0.8469591086702203,-0.8364706610158934,1.085509595588871,-0.7255628613242503,0.6534988376148514,1.3492617162966198,0.32642083423027735,-0.2803121270531477,24.85
-0.27452969790849996,-0.8364706610158934,0.6258363147909927,0.4559429239026202,-0.12391942910331297,-0.3285590347582539,1.0524441236605326,-0.2803121270531477,27.22
-0.624507478357458,-0.8364706610158934,1.849034706066702,-1.072512972859125,0.9577059854610893,0.8927293981771527,-0.00981636670654712,-0.2803121270531477,44.64
-0.8047700063695242,-0.8364706610158934,0.7006306113275965,-0.5567763205775549,0.24788930715320037,0.30465386975207914,1.6078581666895082,-0.2803121270531477,37.27
-0.26110589263100564,-0.8364706610158934,0.9779927943175026,0.5075165891307769,-0.03941744359046904,0.8927293981771527,-0.22899320879869967,-0.2803121270531477,33.27
-1.0895464468992242,-0.8364706610158934,1.3722210656458522,-0.8568412819050129,-1.0196404755394586,0.4026664578229252,1.5966502599916144,0.15922778464169102,36.56
-1.0895464468992242,0.6554960801899431,1.1930263968602388,-0.3270390845612189,0.349291689768613,0.40524573645636763,-0.32488307721401544,0.15922778464169102,53.72
-0.9648968264653487,0.6705899071437765,0.9826674378510404,-0.1019903635656241,-0.41122617984698234,0.4245903262071925,-0.3223924312811509,0.15922778464169102,48.59
-1.0665342092806624,0.6717509707556099,1.138488888968965,-0.3082850244782524,0.29859049846090674,0.4116939330399759,-0.32488307721401544,0.15922778464169102,51.72
-1.0185920475753258,-0.6785660098065598,1.820986844865476,-1.185037333356921,-0.32672419433413846,0.4116939330399759,1.0424815399290703,0.15922778464169102,35.85
-1.0080447720001517,-0.2547777914873922,1.8381272044884476,-0.8099561316975974,0.0788853361275125,0.41040429372325543,0.25917339404291273,0.15922778464169102,53.77
-1.0703695822170896,0.03897130230644181,1.7368432612617966,-0.8474642518635302,0.3154908955634756,0.4245903262071925,-0.03223218010233485,0.15922778464169102,53.46
-1.0051682422978314,0.24796275243644225,1.6262100309680698,-0.4583175051419814,0.6196980434097136,0.423300686890472,-0.32488307721401544,0.15922778464169102,48.99
-0.8469591086702203,-0.8364706610158934,1.085509595588871,-0.7255628613242503,0.6534988376148514,1.3492617162966198,0.32642083423027735,0.15922778464169102,31.72
-0.27452969790849996,-0.8364706610158934,0.6258363147909927,0.4559429239026202,-0.12391942910331297,-0.3285590347582539,1.0524441236605326,0.15922778464169102,39.64
-0.624507478357458,-0.8364706610158934,1.849034706066702,-1.072512972859125,0.9577059854610893,0.8927293981771527,-0.00981636670654712,0.15922778464169102,51.26
-0.8047700063695242,-0.8364706610158934,0.7006306113275965,-0.5567763205775549,0.24788930715320037,0.30465386975207914,1.6078581666895082,0.15922778464169102,43.39
-0.26110589263100564,-0.8364706610158934,0.9779927943175026,0.5075165891307769,-0.03941744359046904,0.8927293981771527,-0.22899320879869967,0.15922778464169102,39.27
-1.0895464468992242,-0.8364706610158934,1.3722210656458522,-0.8568412819050129,-1.0196404755394586,0.4026664578229252,1.5966502599916144,0.8499333601621518,37.96
-1.0895464468992242,0.6554960801899431,1.1930263968602388,-0.3270390845612189,0.349291689768613,0.40524573645636763,-0.32488307721401544,0.8499333601621518,55.02
-0.9648968264653487,0.6705899071437765,0.9826674378510404,-0.1019903635656241,-0.41122617984698234,0.4245903262071925,-0.3223924312811509,0.8499333601621518,49.99
-1.0665342092806624,0.6717509707556099,1.138488888968965,-0.3082850244782524,0.29859049846090674,0.4116939330399759,-0.32488307721401544,0.8499333601621518,53.66
-1.0185920475753258,-0.6785660098065598,1.820986844865476,-1.185037333356921,-0.32672419433413846,0.4116939330399759,1.0424815399290703,0.8499333601621518,37.68
-1.0080447720001517,-0.2547777914873922,1.8381272044884476,-0.8099561316975974,0.0788853361275125,0.41040429372325543,0.25917339404291273,0.8499333601621518,56.06
-1.0703695822170896,0.03897130230644181,1.7368432612617966,-0.8474642518635302,0.3154908955634756,0.4245903262071925,-0.03223218010233485,0.8499333601621518,56.81
-1.0051682422978314,0.24796275243644225,1.6262100309680698,-0.4583175051419814,0.6196980434097136,0.423300686890472,-0.32488307721401544,0.8499333601621518,50.94
-0.8469591086702203,-0.8364706610158934,1.085509595588871,-0.7255628613242503,0.6534988376148514,1.3492617162966198,0.32642083423027735,0.8499333601621518,33.56
-0.27452969790849996,-0.8364706610158934,0.6258363147909927,0.4559429239026202,-0.12391942910331297,-0.3285590347582539,1.0524441236605326,0.8499333601621518,41.16
-0.624507478357458,-0.8364706610158934,1.849034706066702,-1.072512972859125,0.9577059854610893,0.8927293981771527,-0.00981636670654712,0.8499333601621518,52.96
-0.8047700063695242,-0.8364706610158934,0.7006306113275965,-0.5567763205775549,0.24788930715320037,0.30465386975207914,1.6078581666895082,0.8499333601621518,44.28
-0.26110589263100564,-0.8364706610158934,0.9779927943175026,0.5075165891307769,-0.03941744359046904,0.8927293981771527,-0.22899320879869967,0.8499333601621518,40.15
1.6048030409406993,-0.5578153941758929,0.36561449142405816,-0.9412345522783612,0.9408055883585206,-0.09513431843163397,-0.7557648235997241,-0.2803121270531477,57.03
1.6048030409406993,-0.5578153941758929,0.36561449142405816,-0.9412345522783612,0.9408055883585206,-0.09513431843163397,-0.7557648235997241,-0.2803121270531477,44.42
1.6048030409406993,-0.5578153941758929,0.36561449142405816,-0.9412345522783612,0.9408055883585206,-0.09513431843163397,-0.7557648235997241,-0.2803121270531477,51.02
1.6048030409406993,-0.5578153941758929,0.36561449142405816,-0.9412345522783612,0.7211004260251266,-0.09513431843163397,-0.7557648235997241,-0.2803121270531477,53.39
1.6048030409406993,-0.5578153941758929,0.36561449142405816,-0.9412345522783612,0.9408055883585206,-0.09513431843163397,-0.7557648235997241,-0.6727584767806822,35.36
1.6048030409406993,-0.5578153941758929,0.36561449142405816,-0.9412345522783612,0.9408055883585206,-0.09513431843163397,-0.7557648235997241,-0.6727584767806822,25.02
1.6048030409406993,-0.5578153941758929,0.36561449142405816,-0.9412345522783612,0.9408055883585206,-0.09513431843163397,-0.7557648235997241,-0.6727584767806822,23.35
1.6048030409406993,-0.5578153941758929,0.36561449142405816,-0.9412345522783612,0.9408055883585206,-0.09513431843163397,-0.7557648235997241,-0.6099670608242767,52.01
1.6048030409406993,-0.5578153941758929,0.36561449142405816,-0.9412345522783612,0.9408055883585206,-0.09513431843163397,-0.7557648235997241,-0.6099670608242767,38.02
1.6048030409406993,-0.5578153941758929,0.36561449142405816,-0.9412345522783612,0.9408055883585206,-0.09513431843163397,-0.7557648235997241,-0.6099670608242767,39.3
1.6048030409406993,-0.5578153941758929,0.36561449142405816,-0.9412345522783612,0.9408055883585206,-0.09513431843163397,-0.7557648235997241,0.15922778464169102,61.07
1.6048030409406993,-0.5578153941758929,0.36561449142405816,-0.9412345522783612,0.9408055883585206,-0.09513431843163397,-0.7557648235997241,0.15922778464169102,56.14
1.6048030409406993,-0.5578153941758929,0.36561449142405816,-0.9412345522783612,0.9408055883585206,-0.09513431843163397,-0.7557648235997241,0.15922778464169102,55.25
1.6048030409406993,-0.5578153941758929,0.36561449142405816,-0.9412345522783612,0.7211004260251266,-0.09513431843163397,-0.7557648235997241,0.15922778464169102,54.77
1.039085532817726,-0.6042579386492263,0.5993466681009454,-1.1756603033154385,1.397116310127878,-0.469129720280914,0.9005147217557447,-0.2803121270531477,50.24
1.039085532817726,-0.6042579386492263,0.5993466681009454,-1.1756603033154385,1.3295147217176029,-0.469129720280914,0.9005147217557447,-0.2803121270531477,46.68
1.039085532817726,-0.6042579386492263,0.5993466681009454,-1.1756603033154385,0.9408055883585206,-0.469129720280914,0.9005147217557447,-0.2803121270531477,46.68
1.039085532817726,-0.6042579386492263,0.5993466681009454,-1.1756603033154385,1.397116310127878,-0.469129720280914,0.9005147217557447,-0.6727584767806822,22.75
1.039085532817726,-0.6042579386492263,0.5993466681009454,-1.1756603033154385,1.3295147217176029,-0.469129720280914,0.9005147217557447,-0.6727584767806822,25.51
1.039085532817726,-0.6042579386492263,0.5993466681009454,-1.1756603033154385,0.9408055883585206,-0.469129720280914,0.9005147217557447,-0.6727584767806822,34.77
1.039085532817726,-0.6042579386492263,0.5993466681009454,-1.1756603033154385,1.397116310127878,-0.469129720280914,0.9005147217557447,-0.6099670608242767,36.84
1.039085532817726,-0.6042579386492263,0.5993466681009454,-1.1756603033154385,1.3295147217176029,-0.469129720280914,0.9005147217557447,-0.6099670608242767,45.9
1.039085532817726,-0.6042579386492263,0.5993466681009454,-1.1756603033154385,0.9408055883585206,-0.469129720280914,0.9005147217557447,-0.6099670608242767,41.67
1.039085532817726,-0.6042579386492263,0.5993466681009454,-1.1756603033154385,1.397116310127878,-0.469129720280914,0.9005147217557447,0.15922778464169102,56.34
1.039085532817726,-0.6042579386492263,0.5993466681009454,-1.1756603033154385,1.3295147217176029,-0.469129720280914,0.9005147217557447,0.15922778464169102,47.97
1.039085532817726,-0.6042579386492263,0.5993466681009454,-1.1756603033154385,0.9408055883585206,-0.469129720280914,0.9005147217557447,0.15922778464169102,61.46
0.732255697903571,-0.6158685747675596,0.6460931034363229,-1.738282105804424,1.1943115448970525,-0.09513431843163397,1.2242986930282422,-0.2803121270531477,44.03
0.732255697903571,-0.6158685747675596,0.6460931034363229,-1.738282105804424,1.0591083680765023,-0.09513431843163397,1.2242986930282422,-0.2803121270531477,55.45
2.0362824962887296,-0.5345941219392262,1.0512288763429272,1.3092526576775811,-0.360524988539276,-1.1913277376450409,-0.9176568092359729,-0.2803121270531477,55.55
2.0362824962887296,-0.5345941219392262,1.0512288763429272,0.8872863058108419,-0.360524988539276,-1.9651113276780339,-0.9176568092359729,-0.2803121270531477,57.92
2.0362824962887296,-0.5345941219392262,1.0512288763429272,1.3092526576775811,-0.360524988539276,-1.1913277376450409,-0.9176568092359729,-0.6727584767806822,25.61
2.0362824962887296,-0.5345941219392262,1.0512288763429272,1.3092526576775811,-0.360524988539276,-1.1913277376450409,-0.9176568092359729,-0.6099670608242767,33.49
2.0362824962887296,-0.5345941219392262,1.0512288763429272,1.3092526576775811,-0.360524988539276,-1.1913277376450409,-0.9176568092359729,0.15922778464169102,59.59
2.0362824962887296,-0.5345941219392262,1.0512288763429272,0.8872863058108419,-0.360524988539276,-1.9651113276780339,-0.9176568092359729,-0.6727584767806822,29.55
2.0362824962887296,-0.5345941219392262,1.0512288763429272,0.8872863058108419,-0.360524988539276,-1.9651113276780339,-0.9176568092359729,-0.6099670608242767,37.92
2.0362824962887296,-0.5345941219392262,1.0512288763429272,0.8872863058108419,-0.360524988539276,-1.9651113276780339,-0.9176568092359729,0.15922778464169102,61.86
1.3938575294372177,-0.5810366664125596,1.1914681823490596,-0.19107214895971375,0.41689327817888827,-1.9651113276780339,-0.2825420963553045,-0.2803121270531477,62.05
1.3938575294372177,-0.5810366664125596,1.1914681823490596,-0.19107214895971375,0.41689327817888827,-1.1913277376450409,-0.2825420963553045,-0.6727584767806822,32.01
1.3938575294372177,-0.5810366664125596,1.1914681823490596,-0.6599236510338684,0.48449486658916346,-1.9651113276780339,-0.2825420963553045,-0.2803121270531477,72.1
1.3938575294372177,-0.5810366664125596,1.1914681823490596,-0.19107214895971375,0.41689327817888827,-1.9651113276780339,-0.2825420963553045,-0.6099670608242767,39.0
1.3938575294372177,-0.5810366664125596,1.1914681823490596,-0.19107214895971375,0.41689327817888827,-1.9651113276780339,-0.2825420963553045,0.15922778464169102,65.7
1.3938575294372177,-0.5810366664125596,1.1914681823490596,-0.6599236510338684,0.48449486658916346,-1.9651113276780339,-0.2825420963553045,-0.6727584767806822,32.11
1.3938575294372177,-0.5810366664125596,1.1914681823490596,-0.6599236510338684,0.48449486658916346,-1.9651113276780339,-0.2825420963553045,-0.6099670608242767,40.29
1.3938575294372177,-0.5810366664125596,1.1914681823490596,-0.6599236510338684,0.48449486658916346,-1.9651113276780339,-0.2825420963553045,0.15922778464169102,74.36
-0.7347744502797324,-0.7087536637142265,1.331707488355192,1.1217120568479193,-0.7323337247957893,-0.4175441476120478,0.352572616525364,-0.2803121270531477,21.97
-0.7347744502797324,-0.7087536637142265,1.331707488355192,1.1217120568479193,-0.7323337247957893,-0.4175441476120478,0.352572616525364,-0.6727584767806822,9.85
-0.7347744502797324,-0.7087536637142265,1.331707488355192,1.1217120568479193,-0.7323337247957893,-0.4175441476120478,0.352572616525364,-0.6099670608242767,15.07
-0.7347744502797324,-0.7087536637142265,1.331707488355192,1.1217120568479193,-0.7323337247957893,-0.4175441476120478,0.352572616525364,0.15922778464169102,23.25
0.05147700168778969,-0.662311119240893,1.331707488355192,-0.1441869987522983,-0.09011863489817537,-1.707183464333703,0.352572616525364,-0.2803121270531477,43.73
0.05147700168778969,-0.662311119240893,1.331707488355192,-0.1441869987522983,-0.09011863489817537,-1.707183464333703,0.352572616525364,-0.6727584767806822,13.4
0.05147700168778969,-0.662311119240893,1.331707488355192,-0.1441869987522983,-0.09011863489817537,-1.707183464333703,0.352572616525364,-0.6099670608242767,24.13
0.05147700168778969,-0.662311119240893,1.331707488355192,-0.1441869987522983,-0.09011863489817537,-1.707183464333703,0.352572616525364,0.15922778464169102,44.52
0.7706094272678404,-0.6158685747675596,1.331707488355192,-1.3163157539376849,0.8225028086405393,-0.4175441476120478,0.352572616525364,-0.2803121270531477,62.94
0.7706094272678404,-0.6158685747675596,1.331707488355192,-1.3163157539376849,0.8225028086405393,-0.4175441476120478,0.352572616525364,-0.2803121270531477,59.49
0.7706094272678404,-0.6158685747675596,1.331707488355192,-1.3163157539376849,0.8225028086405393,-0.4175441476120478,0.352572616525364,-0.6727584767806822,25.12
0.7706094272678404,-0.6158685747675596,1.331707488355192,-1.3163157539376849,0.8225028086405393,-0.4175441476120478,0.352572616525364,-0.6727584767806822,23.64
0.7706094272678404,-0.6158685747675596,1.331707488355192,-1.3163157539376849,0.8225028086405393,-0.4175441476120478,0.352572616525364,-0.6099670608242767,35.75
0.7706094272678404,-0.6158685747675596,1.331707488355192,-1.3163157539376849,0.8225028086405393,-0.4175441476120478,0.352572616525364,-0.6099670608242767,38.61
0.7706094272678404,-0.6158685747675596,1.331707488355192,-1.3163157539376849,0.8225028086405393,-0.4175441476120478,0.352572616525364,0.15922778464169102,68.75
0.7706094272678404,-0.6158685747675596,1.331707488355192,-1.3163157539376849,0.8225028086405393,-0.4175441476120478,0.352572616525364,0.15922778464169102,66.78
1.5089187175300258,-0.8364706610158934,-0.8653749724075479,1.6843338593369048,-1.0196404755394586,-1.7536104797356828,-0.659874955184407,-0.2803121270531477,23.85
0.0994191633931264,-0.8364706610158934,-0.8653749724075479,0.46531995394410275,-1.0196404755394586,-0.7889602708278839,1.5269121738713838,0.692954820271138,32.07
0.0994191633931264,-0.8364706610158934,-0.8653749724075479,0.46531995394410275,-1.0196404755394586,-0.7889602708278839,1.5269121738713838,-0.6727584767806822,11.65
1.0966161268641301,-0.8364706610158934,-0.8653749724075479,0.46531995394410275,-1.0196404755394586,-0.43559909804615066,0.16079287969473105,-0.6727584767806822,19.2
1.0966161268641301,-0.8364706610158934,-0.8653749724075479,0.46531995394410275,-1.0196404755394586,-0.43559909804615066,0.16079287969473105,0.692954820271138,48.85
1.0966161268641301,-0.8364706610158934,-0.8653749724075479,0.46531995394410275,-1.0196404755394586,-0.43559909804615066,0.16079287969473105,-0.2803121270531477,39.6
1.930809740536989,-0.8364706610158934,-0.8653749724075479,0.46531995394410275,-1.0196404755394586,-0.49234322798190316,-0.7532741776668582,-0.2803121270531477,43.94
1.930809740536989,-0.8364706610158934,-0.8653749724075479,0.46531995394410275,-1.0196404755394586,-0.49234322798190316,-0.7532741776668582,-0.6099670608242767,34.57
1.930809740536989,-0.8364706610158934,-0.8653749724075479,0.46531995394410275,-1.0196404755394586,-0.49234322798190316,-0.7532741776668582,0.692954820271138,54.32
1.930809740536989,-0.8364706610158934,-0.8653749724075479,0.46531995394410275,-1.0196404755394586,-0.49234322798190316,-0.7532741776668582,-0.6727584767806822,24.4
0.5213101864000895,-0.8364706610158934,-0.8653749724075479,0.46531995394410275,-1.0196404755394586,-0.5568251938179859,0.8706269705613605,-0.6727584767806822,15.62
-0.22658753620316327,-0.8364706610158934,-0.8653749724075479,0.46531995394410275,-1.0196404755394586,-1.0907358709407524,2.145837688188428,0.692954820271138,21.86
-0.22658753620316327,-0.8364706610158934,-0.8653749724075479,0.46531995394410275,-1.0196404755394586,-1.0907358709407524,2.145837688188428,-0.6099670608242767,10.22
0.0994191633931264,-0.8364706610158934,-0.8653749724075479,0.46531995394410275,-1.0196404755394586,-0.7889602708278839,1.5269121738713838,-0.6099670608242767,14.6
-0.22658753620316327,-0.8364706610158934,-0.8653749724075479,0.46531995394410275,-1.0196404755394586,-1.0907358709407524,2.145837688188428,-0.2803121270531477,18.75
0.5213101864000895,-0.8364706610158934,-0.8653749724075479,0.46531995394410275,-1.0196404755394586,-0.5568251938179859,0.8706269705613605,-0.2803121270531477,31.97
0.5213101864000895,-0.8364706610158934,-0.8653749724075479,0.46531995394410275,-1.0196404755394586,-0.5568251938179859,0.8706269705613605,-0.6099670608242767,23.4
0.0994191633931264,-0.8364706610158934,-0.8653749724075479,0.46531995394410275,-1.0196404755394586,-0.7889602708278839,1.5269121738713838,-0.2803121270531477,25.57
0.5213101864000895,-0.8364706610158934,-0.8653749724075479,0.46531995394410275,-1.0196404755394586,-0.5568251938179859,0.8706269705613605,0.692954820271138,41.68
1.0966161268641301,-0.8364706610158934,-0.8653749724075479,0.46531995394410275,-1.0196404755394586,-0.43559909804615066,0.16079287969473105,-0.6099670608242767,27.74
-0.22658753620316327,-0.8364706610158934,-0.8653749724075479,0.46531995394410275,-1.0196404755394586,-1.0907358709407524,2.145837688188428,-0.6727584767806822,8.2
-1.1489947274138417,1.9291828623711125,-0.8653749724075479,0.16994350763738478,-1.0196404755394586,0.8540402186755031,-0.4780578020852363,-0.6099670608242767,9.62
-0.3742493942556004,3.336391959913115,-0.8653749724075479,0.16994350763738478,-1.0196404755394586,-0.4227027048789341,-1.3497838785881147,-0.6099670608242767,25.42
-0.38767319953309476,1.007298354575444,-0.8653749724075479,0.16994350763738478,-1.0196404755394586,0.8540402186755031,-0.4780578020852363,-0.6099670608242767,15.69
-0.927501940335186,2.330910872065447,-0.8653749724075479,0.16994350763738478,-1.0196404755394586,0.49036193135999717,-0.7271223953717729,-0.2803121270531477,27.94
-0.8162761251788049,2.532935940524447,-0.8653749724075479,0.16994350763738478,-1.0196404755394586,0.307233148385523,-0.8516546920150413,-0.2803121270531477,32.63
-0.22179332003262958,1.1408206699362775,-0.8653749724075479,0.16994350763738478,-1.0196404755394586,0.6734907143344714,-0.6025900987285047,-0.6099670608242767,17.24
-0.055913440532164446,1.2755040489089444,-0.8653749724075479,0.16994350763738478,-1.0196404755394586,0.49036193135999717,-0.7271223953717729,-0.6099670608242767,19.77
-0.3742493942556004,3.336391959913115,-0.8653749724075479,0.16994350763738478,-1.0196404755394586,-0.4227027048789341,-1.3497838785881147,-0.2803121270531477,39.44
-0.5545119222676663,0.8726149756027767,-0.8653749724075479,0.16994350763738478,-1.0196404755394586,1.0397482802834226,-0.353525505441968,-0.2803121270531477,25.75
1.1349698562283994,-0.8364706610158934,-0.8653749724075479,0.16994350763738478,-1.0196404755394586,0.8540402186755031,-0.4780578020852363,-0.2803121270531477,33.08
0.995937587282923,-0.8364706610158934,-0.8653749724075479,0.16994350763738478,-1.0196404755394586,0.9468942494794628,-0.41579165376360216,-0.6099670608242767,24.07
-0.6513550889124466,2.8336514159892814,-0.8653749724075479,0.16994350763738478,-1.0196404755394586,0.03382961324053155,-1.0384531369799437,-0.6099670608242767,21.82
-1.1489947274138417,1.9291828623711125,-0.8653749724075479,0.16994350763738478,-1.0196404755394586,0.8540402186755031,-0.4780578020852363,-0.2803121270531477,21.07
0.16462050331238445,-0.8364706610158934,-0.8653749724075479,0.16994350763738478,-1.0196404755394586,1.5091769915701063,-0.042194763833797166,-0.6099670608242767,14.84
-0.22179332003262958,1.1408206699362775,-0.8653749724075479,0.16994350763738478,-1.0196404755394586,0.6734907143344714,-0.6025900987285047,-0.2803121270531477,32.05
-0.7203918017681314,0.7390926602419431,-0.8653749724075479,0.16994350763738478,-1.0196404755394586,1.313151815428414,-0.16672706047706548,-0.6099670608242767,11.96
1.1349698562283994,-0.8364706610158934,-0.8653749724075479,0.16994350763738478,-1.0196404755394586,0.8540402186755031,-0.4780578020852363,-0.6099670608242767,25.45
0.9853903117077487,-0.8364706610158934,-0.8653749724075479,0.16994350763738478,-1.0196404755394586,1.6794093813773623,0.14460368113110533,-0.2803121270531477,22.49
0.16462050331238445,-0.8364706610158934,-0.8653749724075479,0.16994350763738478,-1.0196404755394586,1.5091769915701063,-0.042194763833797166,-0.2803121270531477,25.22
-0.4854752094119815,3.1355279550659487,-0.8653749724075479,0.16994350763738478,-1.0196404755394586,-0.23957392190445995,-1.2252515819448462,-0.2803121270531477,39.7
-0.5545119222676663,0.8726149756027767,-0.8653749724075479,0.16994350763738478,-1.0196404755394586,1.0397482802834226,-0.353525505441968,-0.6099670608242767,13.09
0.3592656798360516,1.609890369116945,-0.8653749724075479,0.16994350763738478,-1.0196404755394586,0.03382961324053155,-1.0384531369799437,-0.2803121270531477,38.7
-1.3704875144924975,1.526293789064945,-0.8653749724075479,0.16994350763738478,-1.0196404755394586,1.313151815428414,-0.16672706047706548,-0.6099670608242767,7.51
-0.3886320427672014,-0.8364706610158934,-0.8653749724075479,0.16994350763738478,-1.0196404755394586,1.862538164351838,0.2068698294527395,-0.2803121270531477,17.58
0.5807584669147069,-0.8364706610158934,-0.8653749724075479,0.16994350763738478,-1.0196404755394586,1.2228770632578982,-0.22899320879869967,-0.6099670608242767,21.18
-1.3704875144924975,1.526293789064945,-0.8653749724075479,0.16994350763738478,-1.0196404755394586,1.313151815428414,-0.16672706047706548,-0.2803121270531477,18.2
-0.8162761251788049,2.532935940524447,-0.8653749724075479,0.16994350763738478,-1.0196404755394586,0.307233148385523,-0.8516546920150413,-0.6099670608242767,17.2
-0.7203918017681314,0.7390926602419431,-0.8653749724075479,0.16994350763738478,-1.0196404755394586,1.313151815428414,-0.16672706047706548,-0.2803121270531477,22.63
0.1109252822024071,1.4101874278816113,-0.8653749724075479,0.16994350763738478,-1.0196404755394586,0.307233148385523,-0.8516546920150413,-0.6099670608242767,21.86
-0.927501940335186,2.330910872065447,-0.8653749724075479,0.16994350763738478,-1.0196404755394586,0.49036193135999717,-0.7271223953717729,-0.6099670608242767,12.37
-1.038727755491567,0.9689832553849437,-0.8653749724075479,0.16994350763738478,-1.0196404755394586,0.6734907143344714,-0.6025900987285047,-0.2803121270531477,25.73
-0.6513550889124466,2.8336514159892814,-0.8653749724075479,0.16994350763738478,-1.0196404755394586,0.03382961324053155,-1.0384531369799437,-0.2803121270531477,37.81
-0.4854752094119815,3.1355279550659487,-0.8653749724075479,0.16994350763738478,-1.0196404755394586,-0.23957392190445995,-1.2252515819448462,-0.6099670608242767,21.92
0.1109252822024071,1.4101874278816113,-0.8653749724075479,0.16994350763738478,-1.0196404755394586,0.307233148385523,-0.8516546920150413,-0.2803121270531477,33.04
0.9853903117077487,-0.8364706610158934,-0.8653749724075479,0.16994350763738478,-1.0196404755394586,1.6794093813773623,0.14460368113110533,-0.6099670608242767,14.54
-0.38767319953309476,1.007298354575444,-0.8653749724075479,0.16994350763738478,-1.0196404755394586,0.8540402186755031,-0.4780578020852363,-0.2803121270531477,26.91
-0.8862716812685966,0.6044092812692762,-0.8653749724075479,0.16994350763738478,-1.0196404755394586,1.406005846232374,-0.10446091215543132,-0.6099670608242767,8.0
0.5807584669147069,-0.8364706610158934,-0.8653749724075479,0.16994350763738478,-1.0196404755394586,1.2228770632578982,-0.22899320879869967,-0.2803121270531477,31.9
-0.3886320427672014,-0.8364706610158934,-0.8653749724075479,0.16994350763738478,-1.0196404755394586,1.862538164351838,0.2068698294527395,-0.6099670608242767,10.34
-0.2505586170558316,-0.8364706610158934,-0.8653749724075479,0.16994350763738478,-1.0196404755394586,1.7696841335478781,0.14460368113110533,-0.2803121270531477,19.77
0.995937587282923,-0.8364706610158934,-0.8653749724075479,0.16994350763738478,-1.0196404755394586,0.9468942494794628,-0.41579165376360216,-0.2803121270531477,37.44
-0.2505586170558316,-0.8364706610158934,-0.8653749724075479,0.16994350763738478,-1.0196404755394586,1.7696841335478781,0.14460368113110533,-0.6099670608242767,11.48
0.3592656798360516,1.609890369116945,-0.8653749724075479,0.16994350763738478,-1.0196404755394586,0.03382961324053155,-1.0384531369799437,-0.6099670608242767,24.44
-0.8862716812685966,0.6044092812692762,-0.8653749724075479,0.16994350763738478,-1.0196404755394586,1.406005846232374,-0.10446091215543132,-0.2803121270531477,17.6
-1.038727755491567,0.9689832553849437,-0.8653749724075479,0.16994350763738478,-1.0196404755394586,0.6734907143344714,-0.6025900987285047,-0.6099670608242767,10.73
-0.055913440532164446,1.2755040489089444,-0.8653749724075479,0.16994350763738478,-1.0196404755394586,0.49036193135999717,-0.7271223953717729,-0.2803121270531477,31.38
0.5788407804464936,-0.8364706610158934,-0.8653749724075479,0.69974570498118,-1.0196404755394586,-0.08223792526441742,0.10350802323882734,-0.6727584767806822,13.22
0.5788407804464936,-0.8364706610158934,-0.8653749724075479,0.69974570498118,-1.0196404755394586,-0.08223792526441742,0.10350802323882734,-0.6099670608242767,20.97
0.5788407804464936,-0.8364706610158934,-0.8653749724075479,0.69974570498118,-1.0196404755394586,-0.08223792526441742,0.10350802323882734,-0.500082082900567,27.04
0.5788407804464936,-0.8364706610158934,-0.8653749724075479,0.69974570498118,-1.0196404755394586,-0.08223792526441742,0.10350802323882734,-0.2803121270531477,32.04
0.5788407804464936,-0.8364706610158934,-0.8653749724075479,0.69974570498118,-1.0196404755394586,-0.08223792526441742,0.10350802323882734,0.692954820271138,35.17
0.5788407804464936,-0.8364706610158934,-0.8653749724075479,0.69974570498118,-1.0196404755394586,-0.08223792526441742,0.10350802323882734,2.1057616792902625,36.45
0.5788407804464936,-0.8364706610158934,-0.8653749724075479,0.69974570498118,-1.0196404755394586,-0.08223792526441742,0.10350802323882734,5.009864667274018,38.89
-0.4087677506834428,-0.8364706610158934,-0.8653749724075479,0.5590902543589337,-1.0196404755394586,-0.08223792526441742,1.398643908328818,-0.6727584767806822,6.47
-0.4087677506834428,-0.8364706610158934,-0.8653749724075479,0.5590902543589337,-1.0196404755394586,-0.08223792526441742,1.398643908328818,-0.500082082900567,12.84
-0.4087677506834428,-0.8364706610158934,-0.8653749724075479,0.5590902543589337,-1.0196404755394586,-0.08223792526441742,1.398643908328818,-0.2803121270531477,18.42
-0.4087677506834428,-0.8364706610158934,-0.8653749724075479,0.5590902543589337,-1.0196404755394586,-0.08223792526441742,1.398643908328818,0.692954820271138,21.95
-0.4087677506834428,-0.8364706610158934,-0.8653749724075479,0.5122051041515182,-1.0196404755394586,-0.08223792526441742,1.398643908328818,2.1057616792902625,24.1
-0.4087677506834428,-0.8364706610158934,-0.8653749724075479,0.5122051041515182,-1.0196404755394586,-0.08223792526441742,1.398643908328818,5.009864667274018,25.08
-0.015642024699681716,-0.8364706610158934,-0.8653749724075479,0.4184348037366873,-1.0196404755394586,-0.08223792526441742,1.0375002480633397,-0.500082082900567,21.26
-0.015642024699681716,-0.8364706610158934,-0.8653749724075479,0.4184348037366873,-1.0196404755394586,-0.08223792526441742,1.0375002480633397,-0.2803121270531477,25.97
-0.015642024699681716,-0.8364706610158934,-0.8653749724075479,0.4184348037366873,-1.0196404755394586,-0.08223792526441742,1.0375002480633397,-0.6727584767806822,11.36
-0.015642024699681716,-0.8364706610158934,-0.8653749724075479,0.4184348037366873,-1.0196404755394586,-0.08223792526441742,1.0375002480633397,0.692954820271138,31.25
-0.015642024699681716,-0.8364706610158934,-0.8653749724075479,0.4184348037366873,-1.0196404755394586,-0.08223792526441742,1.0375002480633397,2.1057616792902625,32.33
-0.015642024699681716,-0.8364706610158934,-0.8653749724075479,0.4184348037366873,-1.0196404755394586,-0.08223792526441742,1.0375002480633397,4.9313753973285115,33.7
-0.23617596854423062,-0.8364706610158934,-0.8653749724075479,0.7466308551885955,-1.0196404755394586,-0.08223792526441742,1.1246728557136276,-0.6727584767806822,9.31
-0.23617596854423062,-0.8364706610158934,-0.8653749724075479,0.7466308551885955,-1.0196404755394586,-0.08223792526441742,1.1246728557136276,0.692954820271138,26.94
-0.23617596854423062,-0.8364706610158934,-0.8653749724075479,0.7466308551885955,-1.0196404755394586,-0.08223792526441742,1.1246728557136276,2.1057616792902625,27.63
-0.23617596854423062,-0.8364706610158934,-0.8653749724075479,0.7466308551885955,-1.0196404755394586,-0.08223792526441742,1.1246728557136276,5.009864667274018,29.79
0.27201094553233857,-0.8364706610158934,-0.8653749724075479,0.5122051041515182,-1.0196404755394586,-0.08223792526441742,0.4895581428329592,2.1057616792902625,34.49
0.27201094553233857,-0.8364706610158934,-0.8653749724075479,0.5122051041515182,-1.0196404755394586,-0.08223792526441742,0.4895581428329592,5.009864667274018,36.15
0.27201094553233857,-0.8364706610158934,-0.8653749724075479,0.5122051041515182,-1.0196404755394586,-0.08223792526441742,0.4895581428329592,-0.6727584767806822,12.54
0.27201094553233857,-0.8364706610158934,-0.8653749724075479,0.5122051041515182,-1.0196404755394586,-0.08223792526441742,0.4895581428329592,-0.2803121270531477,27.53
0.27201094553233857,-0.8364706610158934,-0.8653749724075479,0.5122051041515182,-1.0196404755394586,-0.08223792526441742,0.4895581428329592,0.692954820271138,32.92
-0.4087677506834428,-0.8364706610158934,-0.8653749724075479,0.5122051041515182,-1.0196404755394586,-0.08223792526441742,1.398643908328818,-0.6099670608242767,9.99
-0.7539513149618672,-0.8364706610158934,-0.8653749724075479,-0.09730184854488283,-1.0196404755394586,1.9424958019885812,0.9005147217557447,-0.6099670608242767,7.84
-0.7539513149618672,-0.8364706610158934,-0.8653749724075479,-0.09730184854488283,-1.0196404755394586,1.9424958019885812,0.9005147217557447,-0.2803121270531477,12.25
-0.5142405064351836,-0.8364706610158934,-0.8653749724075479,-0.05041669833746736,-1.0196404755394586,1.7877390839819827,0.7510759657838226,-0.6099670608242767,11.17
-0.5142405064351836,-0.8364706610158934,-0.8653749724075479,-0.05041669833746736,-1.0196404755394586,1.7877390839819827,0.7510759657838226,-0.2803121270531477,17.34
0.44460272767155073,-0.8364706610158934,-0.8653749724075479,0.09023875228477903,-1.0196404755394586,1.142919425621155,0.128414482567481,-0.6099670608242767,17.54
0.44460272767155073,-0.8364706610158934,-0.8653749724075479,0.09023875228477903,-1.0196404755394586,1.142919425621155,0.128414482567481,-0.2803121270531477,30.57
-0.034818889381816404,-0.8364706610158934,-0.8653749724075479,0.043353602077363565,-1.0196404755394586,1.4653292548015688,0.4397452241756518,-0.6099670608242767,14.2
-0.034818889381816404,-0.8364706610158934,-0.8653749724075479,0.043353602077363565,-1.0196404755394586,1.4653292548015688,0.4397452241756518,-0.2803121270531477,24.5
0.20489191914486718,-0.8364706610158934,-0.8653749724075479,0.09023875228477903,-1.0196404755394586,1.2976761436277535,0.277853238539403,-0.6099670608242767,15.58
0.20489191914486718,-0.8364706610158934,-0.8653749724075479,0.09023875228477903,-1.0196404755394586,1.2976761436277535,0.277853238539403,-0.2803121270531477,26.85
0.9240243447249179,-0.8364706610158934,-0.8653749724075479,0.18400905269960996,-1.0196404755394586,0.8205095964407412,-0.1829162590406898,-0.6099670608242767,26.06
0.9240243447249179,-0.8364706610158934,-0.8653749724075479,0.18400905269960996,-1.0196404755394586,0.8205095964407412,-0.1829162590406898,-0.2803121270531477,38.21
1.1637351532516016,-0.8364706610158934,-0.8653749724075479,0.23089420290702542,-1.0196404755394586,0.6528564852669261,-0.34480824467693866,-0.2803121270531477,43.7
1.1637351532516016,-0.8364706610158934,-0.8653749724075479,0.23089420290702542,-1.0196404755394586,0.6528564852669261,-0.34480824467693866,-0.6099670608242767,30.14
-0.27452969790849996,-0.8364706610158934,-0.8653749724075479,-0.003531548130051901,-1.0196404755394586,1.6200859728081674,0.5891839801475738,-0.6099670608242767,12.73
-0.27452969790849996,-0.8364706610158934,-0.8653749724075479,-0.003531548130051901,-1.0196404755394586,1.6200859728081674,0.5891839801475738,-0.2803121270531477,20.87
0.6843135361982343,-0.8364706610158934,-0.8653749724075479,0.18400905269960996,-1.0196404755394586,0.9752663144473398,-0.03347750306876782,-0.6099670608242767,20.28
0.6843135361982343,-0.8364706610158934,-0.8653749724075479,0.18400905269960996,-1.0196404755394586,0.9752663144473398,-0.03347750306876782,-0.2803121270531477,34.29
-0.7203918017681314,2.708256545911281,-0.8653749724075479,1.0044991813293807,-1.0196404755394586,-0.14156133383361386,-1.7769296560745245,-0.6099670608242767,19.54
-0.27261201144028663,1.1001834435221107,-0.8653749724075479,1.0044991813293807,-1.0196404755394586,0.04156744914086177,-0.9786776345911742,0.692954820271138,47.71
-1.166253905627763,1.9036394629107791,-0.8653749724075479,0.46531995394410275,-1.0196404755394586,-0.5026603425156773,0.10599866917169327,0.692954820271138,43.38
-1.31679229338252,1.6249841960707785,-0.8653749724075479,1.0044991813293807,-1.0196404755394586,-0.03323163122899511,-0.3012219408517947,-0.2803121270531477,29.89
-1.0722872686853029,2.068510495791113,-0.8653749724075479,1.0044991813293807,-1.0196404755394586,0.01577466280642867,-0.9973574790876644,-0.6727584767806822,6.9
-1.4960959781604797,1.2987253211456111,-0.8653749724075479,1.0044991813293807,-1.0196404755394586,-0.20862257830313904,0.34136470982747014,0.692954820271138,33.19
-0.9083250756530513,0.5869933270917762,-0.8653749724075479,1.0044991813293807,-1.0196404755394586,-0.1957261851359225,0.34011938686103715,-0.6727584767806822,4.9
-1.6936176843864668,0.9399566650891104,-0.8653749724075479,0.46531995394410275,-1.0196404755394586,-1.1268457718089582,2.1084779991954474,-0.6727584767806822,4.57
-1.6936176843864668,0.9399566650891104,-0.8653749724075479,0.46531995394410275,-1.0196404755394586,-1.1268457718089582,2.1084779991954474,0.692954820271138,25.46
-1.4960959781604797,1.2987253211456111,-0.8653749724075479,1.0044991813293807,-1.0196404755394586,-0.20862257830313904,0.34136470982747014,-0.2803121270531477,24.29
-1.0722872686853029,2.068510495791113,-0.8653749724075479,1.0044991813293807,-1.0196404755394586,0.01577466280642867,-0.9973574790876644,-0.2803121270531477,33.95
-0.7539513149618672,0.7077439427224431,-0.8653749724075479,0.46531995394410275,-1.0196404755394586,-0.11576854749918075,0.4173294107798641,-0.6727584767806822,11.41
-1.6332105606377425,1.049096644601444,-0.8653749724075479,1.0044991813293807,-1.0196404755394586,-0.46655044164747006,0.950327640413052,-0.2803121270531477,20.59
0.2557106105525242,1.526293789064945,-0.8653749724075479,1.0044991813293807,-1.0196404755394586,-0.11576854749918075,-1.7644764264101975,-0.6099670608242767,25.89
-1.6332105606377425,1.049096644601444,-0.8653749724075479,1.0044991813293807,-1.0196404755394586,-0.46655044164747006,0.950327640413052,0.692954820271138,29.23
-1.559379631611524,1.1721693874557775,-0.8653749724075479,0.46531995394410275,-1.0196404755394586,-0.8328080075964213,1.4845711930126728,0.692954820271138,31.02
-1.31679229338252,1.6249841960707785,-0.8653749724075479,1.0044991813293807,-1.0196404755394586,-0.03323163122899511,-0.3012219408517947,-0.6099670608242767,10.39
-1.166253905627763,1.9036394629107791,-0.8653749724075479,0.46531995394410275,-1.0196404755394586,-0.5026603425156773,0.10599866917169327,-0.2803121270531477,33.66
-1.3963762818133791,1.485656562650778,-0.8653749724075479,0.46531995394410275,-1.0196404755394586,-0.6058314878534097,0.8282859897026495,-0.2803121270531477,27.87
-0.27261201144028663,1.1001834435221107,-0.8653749724075479,1.0044991813293807,-1.0196404755394586,0.04156744914086177,-0.9786776345911742,-0.6099670608242767,19.35
-1.0128389881706854,0.510363128710776,-0.8653749724075479,0.46531995394410275,-1.0196404755394586,-0.3556414604094089,1.0474628317948007,-0.6099670608242767,11.39
-0.8306587736904059,2.507392541064114,-0.8653749724075479,0.46531995394410275,-1.0196404755394586,-0.5748801442520903,-0.7047065819759838,-0.6727584767806822,12.79
-0.8306587736904059,2.507392541064114,-0.8653749724075479,0.46531995394410275,-1.0196404755394586,-0.5748801442520903,-0.7047065819759838,-0.2803121270531477,39.32
-1.2046076349920323,0.3478142230541091,-0.8653749724075479,0.46531995394410275,-1.0196404755394586,-1.1139493786417416,2.122176551826207,-0.6727584767806822,4.78
0.08983073105205906,1.3927714737041113,-0.8653749724075479,0.46531995394410275,-1.0196404755394586,-0.5465080792842133,-0.6835360915466291,-0.6727584767806822,16.11
0.2557106105525242,1.526293789064945,-0.8653749724075479,1.0044991813293807,-1.0196404755394586,-0.11576854749918075,-1.7644764264101975,-0.2803121270531477,43.38
-0.4087677506834428,0.9863992095624438,-0.8653749724075479,0.46531995394410275,-1.0196404755394586,-0.022914516695220988,-0.2937500030531983,-0.6099670608242767,20.42
-1.0128389881706854,0.510363128710776,-0.8653749724075479,0.46531995394410275,-1.0196404755394586,-0.3556414604094089,1.0474628317948007,-0.6727584767806822,6.94
-0.638890126869059,0.8041122225046101,-0.8653749724075479,1.0044991813293807,-1.0196404755394586,-0.012597402161448333,-0.2825420963553045,-0.6099670608242767,15.03
-0.4087677506834428,0.9863992095624438,-0.8653749724075479,0.46531995394410275,-1.0196404755394586,-0.022914516695220988,-0.2937500030531983,-0.6727584767806822,13.57
-0.9083250756530513,0.5869933270917762,-0.8653749724075479,1.0044991813293807,-1.0196404755394586,-0.1957261851359225,0.34011938686103715,0.692954820271138,32.53
-1.0722872686853029,2.068510495791113,-0.8653749724075479,1.0044991813293807,-1.0196404755394586,0.01577466280642867,-0.9973574790876644,-0.6099670608242767,15.75
-1.6936176843864668,0.9399566650891104,-0.8653749724075479,0.46531995394410275,-1.0196404755394586,-1.1268457718089582,2.1084779991954474,-0.6099670608242767,7.68
0.08983073105205906,1.3927714737041113,-0.8653749724075479,0.46531995394410275,-1.0196404755394586,-0.5465080792842133,-0.6835360915466291,-0.2803121270531477,38.8
-0.638890126869059,0.8041122225046101,-0.8653749724075479,1.0044991813293807,-1.0196404755394586,-0.012597402161448333,-0.2825420963553045,-0.2803121270531477,33.0
-1.6936176843864668,0.9399566650891104,-0.8653749724075479,0.46531995394410275,-1.0196404755394586,-1.1268457718089582,2.1084779991954474,-0.2803121270531477,17.28
-1.0128389881706854,0.510363128710776,-0.8653749724075479,0.46531995394410275,-1.0196404755394586,-0.3556414604094089,1.0474628317948007,-0.2803121270531477,24.28
-0.9083250756530513,0.5869933270917762,-0.8653749724075479,1.0044991813293807,-1.0196404755394586,-0.1957261851359225,0.34011938686103715,-0.2803121270531477,24.05
-1.3963762818133791,1.485656562650778,-0.8653749724075479,0.46531995394410275,-1.0196404755394586,-0.6058314878534097,0.8282859897026495,0.692954820271138,36.59
-0.8306587736904059,2.507392541064114,-0.8653749724075479,0.46531995394410275,-1.0196404755394586,-0.5748801442520903,-0.7047065819759838,0.692954820271138,50.73
-1.3963762818133791,1.485656562650778,-0.8653749724075479,0.46531995394410275,-1.0196404755394586,-0.6058314878534097,0.8282859897026495,-0.6099670608242767,13.66
0.2557106105525242,1.526293789064945,-0.8653749724075479,1.0044991813293807,-1.0196404755394586,-0.11576854749918075,-1.7644764264101975,-0.6727584767806822,14.14
-0.4087677506834428,0.9863992095624438,-0.8653749724075479,0.46531995394410275,-1.0196404755394586,-0.022914516695220988,-0.2937500030531983,0.692954820271138,47.78
-1.6332105606377425,1.049096644601444,-0.8653749724075479,1.0044991813293807,-1.0196404755394586,-0.46655044164747006,0.950327640413052,-0.6727584767806822,2.33
-1.166253905627763,1.9036394629107791,-0.8653749724075479,0.46531995394410275,-1.0196404755394586,-0.5026603425156773,0.10599866917169327,-0.6099670608242767,16.89
0.08983073105205906,1.3927714737041113,-0.8653749724075479,0.46531995394410275,-1.0196404755394586,-0.5465080792842133,-0.6835360915466291,-0.6099670608242767,23.52
-0.638890126869059,0.8041122225046101,-0.8653749724075479,1.0044991813293807,-1.0196404755394586,-0.012597402161448333,-0.2825420963553045,-0.6727584767806822,6.81
-0.638890126869059,0.8041122225046101,-0.8653749724075479,1.0044991813293807,-1.0196404755394586,-0.012597402161448333,-0.2825420963553045,0.692954820271138,39.7
-1.2046076349920323,0.3478142230541091,-0.8653749724075479,0.46531995394410275,-1.0196404755394586,-1.1139493786417416,2.122176551826207,-0.2803121270531477,17.96
-0.4087677506834428,0.9863992095624438,-0.8653749724075479,0.46531995394410275,-1.0196404755394586,-0.022914516695220988,-0.2937500030531983,-0.2803121270531477,32.88
-1.559379631611524,1.1721693874557775,-0.8653749724075479,0.46531995394410275,-1.0196404755394586,-0.8328080075964213,1.4845711930126728,-0.2803121270531477,22.35
-0.9083250756530513,0.5869933270917762,-0.8653749724075479,1.0044991813293807,-1.0196404755394586,-0.1957261851359225,0.34011938686103715,-0.6099670608242767,10.79
-1.6332105606377425,1.049096644601444,-0.8653749724075479,1.0044991813293807,-1.0196404755394586,-0.46655044164747006,0.950327640413052,-0.6099670608242767,7.72
-0.7203918017681314,2.708256545911281,-0.8653749724075479,1.0044991813293807,-1.0196404755394586,-0.14156133383361386,-1.7769296560745245,-0.2803121270531477,41.68
-0.7203918017681314,2.708256545911281,-0.8653749724075479,1.0044991813293807,-1.0196404755394586,-0.14156133383361386,-1.7769296560745245,-0.6727584767806822,9.56
-1.3963762818133791,1.485656562650778,-0.8653749724075479,0.46531995394410275,-1.0196404755394586,-0.6058314878534097,0.8282859897026495,-0.6727584767806822,6.88
0.08983073105205906,1.3927714737041113,-0.8653749724075479,0.46531995394410275,-1.0196404755394586,-0.5465080792842133,-0.6835360915466291,0.692954820271138,50.53
-0.7539513149618672,0.7077439427224431,-0.8653749724075479,0.46531995394410275,-1.0196404755394586,-0.11576854749918075,0.4173294107798641,-0.6099670608242767,17.17
-0.7539513149618672,0.7077439427224431,-0.8653749724075479,0.46531995394410275,-1.0196404755394586,-0.11576854749918075,0.4173294107798641,-0.2803121270531477,30.44
-0.27261201144028663,1.1001834435221107,-0.8653749724075479,1.0044991813293807,-1.0196404755394586,0.04156744914086177,-0.9786776345911742,-0.6727584767806822,9.73
-1.4960959781604797,1.2987253211456111,-0.8653749724075479,1.0044991813293807,-1.0196404755394586,-0.20862257830313904,0.34136470982747014,-0.6727584767806822,3.32
-1.2046076349920323,0.3478142230541091,-0.8653749724075479,0.46531995394410275,-1.0196404755394586,-1.1139493786417416,2.122176551826207,0.692954820271138,26.32
-0.7539513149618672,0.7077439427224431,-0.8653749724075479,0.46531995394410275,-1.0196404755394586,-0.11576854749918075,0.4173294107798641,0.692954820271138,43.25
-1.559379631611524,1.1721693874557775,-0.8653749724075479,0.46531995394410275,-1.0196404755394586,-0.8328080075964213,1.4845711930126728,-0.6727584767806822,6.28
-1.0128389881706854,0.510363128710776,-0.8653749724075479,0.46531995394410275,-1.0196404755394586,-0.3556414604094089,1.0474628317948007,0.692954820271138,32.1
-0.27261201144028663,1.1001834435221107,-0.8653749724075479,1.0044991813293807,-1.0196404755394586,0.04156744914086177,-0.9786776345911742,-0.2803121270531477,36.96
0.2557106105525242,1.526293789064945,-0.8653749724075479,1.0044991813293807,-1.0196404755394586,-0.11576854749918075,-1.7644764264101975,0.692954820271138,54.6
-0.8306587736904059,2.507392541064114,-0.8653749724075479,0.46531995394410275,-1.0196404755394586,-0.5748801442520903,-0.7047065819759838,-0.6099670608242767,21.48
-1.166253905627763,1.9036394629107791,-0.8653749724075479,0.46531995394410275,-1.0196404755394586,-0.5026603425156773,0.10599866917169327,-0.6727584767806822,9.69
-1.2046076349920323,0.3478142230541091,-0.8653749724075479,0.46531995394410275,-1.0196404755394586,-1.1139493786417416,2.122176551826207,-0.6099670608242767,8.37
-1.31679229338252,1.6249841960707785,-0.8653749724075479,1.0044991813293807,-1.0196404755394586,-0.03323163122899511,-0.3012219408517947,0.692954820271138,39.66
-1.559379631611524,1.1721693874557775,-0.8653749724075479,0.46531995394410275,-1.0196404755394586,-0.8328080075964213,1.4845711930126728,-0.6099670608242767,10.09
-1.31679229338252,1.6249841960707785,-0.8653749724075479,1.0044991813293807,-1.0196404755394586,-0.03323163122899511,-0.3012219408517947,-0.6727584767806822,4.83
-1.4960959781604797,1.2987253211456111,-0.8653749724075479,1.0044991813293807,-1.0196404755394586,-0.20862257830313904,0.34136470982747014,-0.6099670608242767,10.35
-1.0722872686853029,2.068510495791113,-0.8653749724075479,1.0044991813293807,-1.0196404755394586,0.01577466280642867,-0.9973574790876644,0.692954820271138,43.57
-0.7203918017681314,2.708256545911281,-0.8653749724075479,1.0044991813293807,-1.0196404755394586,-0.14156133383361386,-1.7769296560745245,0.692954820271138,51.86
0.3007762425555406,-0.8364706610158934,-0.8653749724075479,0.46531995394410275,-1.0196404755394586,0.4852033740931109,0.7137162767908422,-0.6727584767806822,11.85
0.3007762425555406,-0.8364706610158934,-0.8653749724075479,0.46531995394410275,-1.0196404755394586,0.4852033740931109,0.7137162767908422,-0.6099670608242767,17.24
0.3007762425555406,-0.8364706610158934,-0.8653749724075479,0.46531995394410275,-1.0196404755394586,0.4852033740931109,0.7137162767908422,-0.2803121270531477,27.83
0.3007762425555406,-0.8364706610158934,-0.8653749724075479,0.46531995394410275,-1.0196404755394586,0.4852033740931109,0.7137162767908422,0.692954820271138,35.76
0.3007762425555406,-0.8364706610158934,-0.8653749724075479,0.46531995394410275,-1.0196404755394586,0.4852033740931109,0.7137162767908422,1.1638904399441794,38.7
0.5021333217179548,-0.8364706610158934,-0.8653749724075479,0.46531995394410275,-1.0196404755394586,0.6528564852669261,0.6016372098119006,-0.6727584767806822,14.31
0.5021333217179548,-0.8364706610158934,-0.8653749724075479,0.46531995394410275,-1.0196404755394586,0.6528564852669261,0.6016372098119006,-0.6099670608242767,17.44
0.5021333217179548,-0.8364706610158934,-0.8653749724075479,0.46531995394410275,-1.0196404755394586,0.6528564852669261,0.6016372098119006,-0.2803121270531477,31.74
0.5021333217179548,-0.8364706610158934,-0.8653749724075479,0.46531995394410275,-1.0196404755394586,0.6528564852669261,0.6016372098119006,0.692954820271138,37.91
0.5021333217179548,-0.8364706610158934,-0.8653749724075479,0.46531995394410275,-1.0196404755394586,0.6528564852669261,0.6016372098119006,1.1638904399441794,39.38
0.674725103857167,-0.8364706610158934,-0.8653749724075479,0.46531995394410275,-1.0196404755394586,1.0526446734506392,0.45219845383997864,-0.6727584767806822,15.87
0.674725103857167,-0.8364706610158934,-0.8653749724075479,0.46531995394410275,-1.0196404755394586,1.0526446734506392,0.45219845383997864,-0.6099670608242767,9.01
0.674725103857167,-0.8364706610158934,-0.8653749724075479,0.46531995394410275,-1.0196404755394586,1.0526446734506392,0.45219845383997864,-0.2803121270531477,33.61
0.674725103857167,-0.8364706610158934,-0.8653749724075479,0.46531995394410275,-1.0196404755394586,1.0526446734506392,0.45219845383997864,0.692954820271138,40.66
0.674725103857167,-0.8364706610158934,-0.8653749724075479,0.46531995394410275,-1.0196404755394586,1.0526446734506392,0.45219845383997864,1.1638904399441794,40.86
-0.3895908860013081,-0.8364706610158934,-0.8653749724075479,0.18400905269960996,-1.0196404755394586,1.865117442985282,0.203133860553442,-0.6099670608242767,12.05
-0.3895908860013081,-0.8364706610158934,-0.8653749724075479,0.18400905269960996,-1.0196404755394586,1.865117442985282,0.203133860553442,-0.2803121270531477,17.54
0.1665381897805978,-0.8364706610158934,-0.8653749724075479,0.18400905269960996,-1.0196404755394586,1.491122041136002,-0.04593073273309465,-0.6099670608242767,18.91
0.1665381897805978,-0.8364706610158934,-0.8653749724075479,0.18400905269960996,-1.0196404755394586,1.491122041136002,-0.04593073273309465,-0.2803121270531477,25.18
0.17612662212166516,-0.8364706610158934,-0.8653749724075479,0.18400905269960996,-1.0196404755394586,0.8463023827751743,-0.4817937709845338,-0.6099670608242767,30.96
1.930809740536989,-0.8364706610158934,-0.8653749724075479,0.46531995394410275,-1.0196404755394586,-0.4949225066153471,-0.6436857566207826,-0.2803121270531477,43.89
1.930809740536989,-0.8364706610158934,-0.8653749724075479,0.46531995394410275,-1.0196404755394586,-0.4949225066153471,-0.6436857566207826,0.692954820271138,54.28
1.1349698562283994,-0.8364706610158934,-0.8653749724075479,0.18400905269960996,-1.0196404755394586,0.8463023827751743,-0.4817937709845338,-0.2803121270531477,36.94
0.02271170466458766,-0.8364706610158934,-0.8653749724075479,0.18400905269960996,-1.0196404755394586,1.6716715454770337,0.01633541558853951,-0.6099670608242767,14.5
0.02271170466458766,-0.8364706610158934,-0.8653749724075479,0.1371239024921945,-1.0196404755394586,1.6716715454770337,0.01633541558853951,-0.2803121270531477,22.44
2.122578387358336,-0.8364706610158934,-0.8653749724075479,0.8404011556034264,-1.0196404755394586,1.9424958019885812,-1.9886345603680806,-0.7041541847588849,12.64
2.122578387358336,-0.8364706610158934,-0.8653749724075479,0.8404011556034264,-1.0196404755394586,1.9424958019885812,-1.9886345603680806,-0.6727584767806822,26.06
2.122578387358336,-0.8364706610158934,-0.8653749724075479,0.8404011556034264,-1.0196404755394586,1.9424958019885812,-1.9886345603680806,-0.6099670608242767,33.21
2.122578387358336,-0.8364706610158934,-0.8653749724075479,0.8404011556034264,-1.0196404755394586,1.9424958019885812,-1.9886345603680806,-0.500082082900567,36.94
2.122578387358336,-0.8364706610158934,-0.8653749724075479,0.8404011556034264,-1.0196404755394586,1.9424958019885812,-1.9886345603680806,-0.2803121270531477,44.09
2.5061156810010297,-0.8364706610158934,-0.8653749724075479,-0.42549789999679105,-1.0196404755394586,1.9424958019885812,-1.9886345603680806,-0.6099670608242767,52.61
2.5061156810010297,-0.8364706610158934,-0.8653749724075479,-0.42549789999679105,-1.0196404755394586,1.9424958019885812,-1.9886345603680806,-0.500082082900567,59.76
2.5061156810010297,-0.8364706610158934,-0.8653749724075479,-0.42549789999679105,-1.0196404755394586,1.9424958019885812,-1.9886345603680806,-0.2803121270531477,67.31
2.5061156810010297,-0.8364706610158934,-0.8653749724075479,-0.42549789999679105,-1.0196404755394586,1.9424958019885812,-1.9886345603680806,0.692954820271138,69.66
2.5061156810010297,-0.8364706610158934,-0.8653749724075479,-0.42549789999679105,-1.0196404755394586,1.9424958019885812,-1.9886345603680806,2.1057616792902625,71.62
2.5061156810010297,-0.8364706610158934,-0.8653749724075479,-0.42549789999679105,-1.0196404755394586,1.9424958019885812,-1.9886345603680806,3.518568538309387,74.17
0.6843135361982343,-0.8364706610158934,-0.8653749724075479,0.9810566062256728,-1.0196404755394586,-0.004859566261118109,0.028788645252866344,-0.6099670608242767,18.13
0.6843135361982343,-0.8364706610158934,-0.8653749724075479,0.9810566062256728,-1.0196404755394586,-0.004859566261118109,0.028788645252866344,-0.500082082900567,22.53
0.6843135361982343,-0.8364706610158934,-0.8653749724075479,0.9810566062256728,-1.0196404755394586,-0.004859566261118109,0.028788645252866344,-0.2803121270531477,27.34
0.6843135361982343,-0.8364706610158934,-0.8653749724075479,0.9810566062256728,-1.0196404755394586,-0.004859566261118109,0.028788645252866344,0.15922778464169102,29.98
0.6843135361982343,-0.8364706610158934,-0.8653749724075479,0.9810566062256728,-1.0196404755394586,-0.004859566261118109,0.028788645252866344,0.692954820271138,31.35
0.6843135361982343,-0.8364706610158934,-0.8653749724075479,0.9810566062256728,-1.0196404755394586,-0.004859566261118109,0.028788645252866344,2.1057616792902625,32.72
1.0199086681355913,-0.8364706610158934,-0.8653749724075479,0.18400905269960996,-1.0196404755394586,-0.10803071159885053,-0.12065011071905564,-0.7041541847588849,6.27
1.0199086681355913,-0.8364706610158934,-0.8653749724075479,0.18400905269960996,-1.0196404755394586,-0.10803071159885053,-0.12065011071905564,-0.6727584767806822,14.7
1.0199086681355913,-0.8364706610158934,-0.8653749724075479,0.18400905269960996,-1.0196404755394586,-0.10803071159885053,-0.12065011071905564,-0.6099670608242767,23.22
1.0199086681355913,-0.8364706610158934,-0.8653749724075479,0.18400905269960996,-1.0196404755394586,-0.10803071159885053,-0.12065011071905564,-0.500082082900567,27.92
1.0199086681355913,-0.8364706610158934,-0.8653749724075479,0.18400905269960996,-1.0196404755394586,-0.10803071159885053,-0.12065011071905564,-0.2803121270531477,31.35
0.5021333217179548,-0.8364706610158934,-0.8653749724075479,0.46531995394410275,-1.0196404755394586,0.0467260064077481,0.651450128469208,2.1057616792902625,39.0
0.5021333217179548,-0.8364706610158934,-0.8653749724075479,0.46531995394410275,-1.0196404755394586,0.0467260064077481,0.651450128469208,4.9313753973285115,41.24
0.674725103857167,-0.8364706610158934,-0.8653749724075479,0.46531995394410275,-1.0196404755394586,0.9365771349456902,0.41483876484699816,-0.6727584767806822,14.99
0.5021333217179548,-0.8364706610158934,-0.8653749724075479,0.46531995394410275,-1.0196404755394586,0.0467260064077481,0.651450128469208,-0.6727584767806822,13.52
0.9911433711123894,-0.8364706610158934,-0.8653749724075479,0.18400905269960996,-1.0196404755394586,0.9365771349456902,-0.4195276226628996,-0.6099670608242767,24.0
0.9911433711123894,-0.8364706610158934,-0.8653749724075479,0.18400905269960996,-1.0196404755394586,0.9365771349456902,-0.4195276226628996,-0.2803121270531477,37.42
0.9911433711123894,-0.8364706610158934,-0.8653749724075479,0.18400905269960996,-1.0196404755394586,1.7619462976475495,0.14086771223180783,-0.6099670608242767,11.47
0.02271170466458766,-0.8364706610158934,-0.8653749724075479,0.18400905269960996,-1.0196404755394586,1.6716715454770337,0.01633541558853951,-0.2803121270531477,22.44
0.5788407804464936,-0.8364706610158934,-0.8653749724075479,0.1371239024921945,-1.0196404755394586,1.2202977846244543,-0.23272917769799714,-0.6099670608242767,21.16
0.5788407804464936,-0.8364706610158934,-0.8653749724075479,0.1371239024921945,-1.0196404755394586,1.2202977846244543,-0.23272917769799714,-0.2803121270531477,31.84
0.15694975743953046,-0.8364706610158934,-0.8653749724075479,0.1371239024921945,-1.0196404755394586,1.2202977846244543,-0.04593073273309465,-0.6099670608242767,14.8
0.15694975743953046,-0.8364706610158934,-0.8653749724075479,0.1371239024921945,-1.0196404755394586,1.2202977846244543,-0.04593073273309465,-0.2803121270531477,25.18
-0.3895908860013081,-0.8364706610158934,-0.8653749724075479,0.1371239024921945,-1.0196404755394586,1.8522210498180653,0.203133860553442,-0.2803121270531477,17.54
0.1665381897805978,-0.8364706610158934,-0.8653749724075479,0.46531995394410275,-1.0196404755394586,1.426640075299919,-0.09574365139040199,-0.6099670608242767,14.2
0.1665381897805978,-0.8364706610158934,-0.8653749724075479,0.46531995394410275,-1.0196404755394586,1.426640075299919,-0.09574365139040199,-0.2803121270531477,21.65
0.1665381897805978,-0.8364706610158934,-0.8653749724075479,0.46531995394410275,-1.0196404755394586,1.426640075299919,-0.09574365139040199,0.692954820271138,29.39
0.5021333217179548,-0.8364706610158934,-0.8653749724075479,0.46531995394410275,-1.0196404755394586,-1.2300169171466906,0.651450128469208,-0.6727584767806822,13.52
0.5021333217179548,-0.8364706610158934,-0.8653749724075479,0.46531995394410275,-1.0196404755394586,0.0467260064077481,0.651450128469208,-0.6099670608242767,16.26
0.5021333217179548,-0.8364706610158934,-0.8653749724075479,0.46531995394410275,-1.0196404755394586,0.0467260064077481,0.651450128469208,-0.2803121270531477,31.45
0.5021333217179548,-0.8364706610158934,-0.8653749724075479,0.46531995394410275,-1.0196404755394586,0.0467260064077481,0.651450128469208,0.692954820271138,37.23
0.674725103857167,-0.8364706610158934,-0.8653749724075479,0.46531995394410275,-1.0196404755394586,0.9365771349456902,0.41483876484699816,-0.6099670608242767,18.13
0.674725103857167,-0.8364706610158934,-0.8653749724075479,0.46531995394410275,-1.0196404755394586,0.9365771349456902,0.41483876484699816,-0.2803121270531477,32.72
0.674725103857167,-0.8364706610158934,-0.8653749724075479,0.46531995394410275,-1.0196404755394586,0.9365771349456902,0.41483876484699816,0.692954820271138,39.49
0.674725103857167,-0.8364706610158934,-0.8653749724075479,0.46531995394410275,-1.0196404755394586,0.9365771349456902,0.41483876484699816,2.1057616792902625,41.05
0.674725103857167,-0.8364706610158934,-0.8653749724075479,0.46531995394410275,-1.0196404755394586,0.9365771349456902,0.41483876484699816,4.9313753973285115,42.13
0.22406878382700188,-0.8364706610158934,-0.8653749724075479,0.9810566062256728,-1.0196404755394586,-0.004859566261118109,0.5518242911545933,-0.500082082900567,18.13
0.22406878382700188,-0.8364706610158934,-0.8653749724075479,0.9810566062256728,-1.0196404755394586,-0.004859566261118109,0.5518242911545933,2.1057616792902625,26.74
2.3622891958850194,-0.8364706610158934,-0.8653749724075479,0.32466450332185637,-1.0196404755394586,1.9424958019885812,-1.9886345603680806,2.1057616792902625,61.92
2.122578387358336,-0.8364706610158934,-0.8653749724075479,0.8404011556034264,-1.0196404755394586,1.9424958019885812,-1.9886345603680806,0.692954820271138,47.22
2.122578387358336,-0.8364706610158934,-0.8653749724075479,0.8404011556034264,-1.0196404755394586,1.9424958019885812,-1.9886345603680806,2.1057616792902625,51.04
2.122578387358336,-0.8364706610158934,-0.8653749724075479,0.8404011556034264,-1.0196404755394586,1.9424958019885812,-1.9886345603680806,3.518568538309387,55.16
2.5061156810010297,-0.8364706610158934,-0.8653749724075479,-0.42549789999679105,-1.0196404755394586,1.9424958019885812,-1.9886345603680806,-0.6727584767806822,41.64
-0.2553528332263653,-0.8364706610158934,-0.8653749724075479,0.1371239024921945,-1.0196404755394586,1.7619462976475495,0.14086771223180783,-0.6099670608242767,13.71
-0.2553528332263653,-0.8364706610158934,-0.8653749724075479,0.1371239024921945,-1.0196404755394586,1.7619462976475495,0.14086771223180783,-0.2803121270531477,19.69
0.5788407804464936,-0.8364706610158934,-0.8653749724075479,0.1371239024921945,-1.0196404755394586,1.1042302461195053,-0.23272917769799714,-0.2803121270531477,31.65
1.0966161268641301,-0.8364706610158934,-0.8653749724075479,0.46531995394410275,-1.0196404755394586,-0.4433369339464809,-0.1829162590406898,-0.6727584767806822,19.11
1.0966161268641301,-0.8364706610158934,-0.8653749724075479,0.46531995394410275,-1.0196404755394586,-0.4433369339464809,-0.1829162590406898,-0.2803121270531477,39.58
1.0966161268641301,-0.8364706610158934,-0.8653749724075479,0.46531995394410275,-1.0196404755394586,-0.4433369339464809,-0.1829162590406898,0.692954820271138,48.79
0.9911433711123894,-0.8364706610158934,-0.8653749724075479,0.1371239024921945,-1.0196404755394586,0.9365771349456902,-0.4195276226628996,-0.6099670608242767,24.0
0.9911433711123894,-0.8364706610158934,-0.8653749724075479,0.1371239024921945,-1.0196404755394586,0.9365771349456902,-0.4195276226628996,-0.2803121270531477,37.42
-0.2553528332263653,-0.8364706610158934,-0.8653749724075479,0.18400905269960996,-1.0196404755394586,1.7619462976475495,0.14086771223180783,-0.6099670608242767,11.47
0.3007762425555406,-0.8364706610158934,-0.8653749724075479,0.46531995394410275,-1.0196404755394586,-0.05644513892998432,0.9627808700773788,-0.6099670608242767,14.99
0.3007762425555406,-0.8364706610158934,-0.8653749724075479,0.46531995394410275,-1.0196404755394586,-0.05644513892998432,0.9627808700773788,-0.2803121270531477,27.92
0.3007762425555406,-0.8364706610158934,-0.8653749724075479,0.46531995394410275,-1.0196404755394586,-0.05644513892998432,0.9627808700773788,0.692954820271138,34.68
0.3007762425555406,-0.8364706610158934,-0.8653749724075479,0.46531995394410275,-1.0196404755394586,-0.05644513892998432,0.9627808700773788,2.1057616792902625,37.33
0.3007762425555406,-0.8364706610158934,-0.8653749724075479,0.46531995394410275,-1.0196404755394586,-0.05644513892998432,0.9627808700773788,4.9313753973285115,38.11
2.3622891958850194,-0.8364706610158934,-0.8653749724075479,0.32466450332185637,-1.0196404755394586,1.9424958019885812,-1.9886345603680806,-0.6727584767806822,33.8
2.3622891958850194,-0.8364706610158934,-0.8653749724075479,0.32466450332185637,-1.0196404755394586,1.9424958019885812,-1.9886345603680806,-0.6099670608242767,42.42
2.3622891958850194,-0.8364706610158934,-0.8653749724075479,0.32466450332185637,-1.0196404755394586,1.9424958019885812,-1.9886345603680806,-0.500082082900567,48.4
2.3622891958850194,-0.8364706610158934,-0.8653749724075479,0.32466450332185637,-1.0196404755394586,1.9424958019885812,-1.9886345603680806,-0.2803121270531477,55.94
2.3622891958850194,-0.8364706610158934,-0.8653749724075479,0.32466450332185637,-1.0196404755394586,1.9424958019885812,-1.9886345603680806,0.692954820271138,58.78
2.3622891958850194,-0.8364706610158934,-0.8653749724075479,0.32466450332185637,-1.0196404755394586,1.9424958019885812,-1.9886345603680806,3.518568538309387,67.11
0.4158374306483487,-0.8364706610158934,-0.8653749724075479,0.9810566062256728,-1.0196404755394586,-0.004859566261118109,0.34011938686103715,-0.500082082900567,20.77
0.4158374306483487,-0.8364706610158934,-0.8653749724075479,0.9810566062256728,-1.0196404755394586,-0.004859566261118109,0.34011938686103715,-0.2803121270531477,25.18
0.4158374306483487,-0.8364706610158934,-0.8653749724075479,0.9810566062256728,-1.0196404755394586,-0.004859566261118109,0.34011938686103715,2.1057616792902625,29.59
0.22406878382700188,-0.8364706610158934,-0.8653749724075479,0.9810566062256728,-1.0196404755394586,-0.004859566261118109,0.5518242911545933,-0.2803121270531477,21.75
1.1349698562283994,-0.8364706610158934,-0.8653749724075479,0.1371239024921945,-1.0196404755394586,0.8463023827751743,-0.4817937709845338,-0.2803121270531477,39.09
1.930809740536989,-0.8364706610158934,-0.8653749724075479,0.46531995394410275,-1.0196404755394586,-0.4949225066153471,-0.6436857566207826,-0.6727584767806822,24.39
2.3335238988618174,-0.8364706610158934,-0.8653749724075479,-1.6913969555970085,-1.0196404755394586,-1.0107782333040092,1.535629434636413,-0.6099670608242767,50.51
2.3335238988618174,-0.8364706610158934,-0.8653749724075479,-1.6913969555970085,-1.0196404755394586,-1.0107782333040092,1.535629434636413,-0.2803121270531477,74.99
-0.05399575406395109,0.38264613140910914,0.41236092675943564,1.3092526576775811,0.5013952636917322,-0.9076070879662768,-1.1542681728581827,-0.2803121270531477,37.17
-1.1183117439224262,1.3695502014674446,1.4407825041377393,-0.1441869987522983,2.1914349739486108,-1.758769037002569,-0.39462116333424596,-0.2803121270531477,33.76
-1.195019202650965,0.8354609400241101,0.87982528011321,1.7781041597517357,0.67039923471742,-0.6625756177891623,-1.4282392254733731,-0.2803121270531477,16.5
-1.2621382290384364,0.4987524925924427,0.521435942541983,0.9341714560182574,0.5013952636917322,-1.475048387323805,0.7012630471265153,-0.2803121270531477,19.99
-1.2141960673330996,1.2302225680474443,1.300543198131607,-0.6599236510338684,2.022431002922923,-0.3917513612776147,-0.9674697278932802,-0.2803121270531477,36.35
0.3007762425555406,0.8238503039057767,0.8642431350014176,-0.6599236510338684,2.6984468870256744,-0.7786431562941112,-1.5154118331236608,-0.2803121270531477,33.69
-1.2909035260616384,-0.8364706610158934,1.8615004221561364,-1.128775153108023,2.022431002922923,-0.4046477544448312,0.8880614920914178,-0.2803121270531477,15.42
0.24324564850913655,0.7890183955507767,-0.8653749724075479,1.496793258507243,-0.00561664938533143,-1.0236746264712258,-0.6312325269564558,-0.2803121270531477,33.42
0.9144359123838506,-0.8364706610158934,-0.8653749724075479,0.37154965352927183,0.16338732164035644,0.4980997672603274,-0.5316066896418411,-0.2803121270531477,39.05
-1.1470770409456281,0.8935141206157768,0.94215386056038,-0.33172759958196013,1.5154190898458595,-0.2756838227726657,-0.6561389862851095,-0.2803121270531477,27.68
-1.2046076349920323,1.9384713712657793,-0.8653749724075479,0.8404011556034264,-0.00561664938533143,0.35623944242094535,-1.1044552542008754,-0.2803121270531477,26.86
0.3007762425555406,0.8238503039057767,-0.8653749724075479,-0.6599236510338684,0.67039923471742,-0.7786431562941112,0.3899323055183445,-0.2803121270531477,45.3
0.2528340808502039,-0.8364706610158934,0.6928395387717002,0.6528605547737646,0.67039923471742,-0.1983054637693664,-0.842937431250012,-0.2803121270531477,30.12
-1.223784499674167,-0.8364706610158934,2.001739728162269,-0.7068088012412839,1.0084071767687959,0.21437911758156328,-0.008571043740114153,-0.2803121270531477,15.57
-1.310080390743773,1.1025055707457774,1.1603038921254747,-0.3786127497893756,0.8394032057431079,-1.1784313444778243,0.15332094189613468,-0.2803121270531477,44.61
0.18571505446273248,0.7541864871957766,0.8019145545542476,0.8872863058108419,-0.00561664938533143,-1.2429133103139072,-1.4655989144663535,-0.2803121270531477,53.52
0.4062489983072814,1.0676736623907772,-0.8653749724075479,0.37154965352927183,-0.1746206204110193,-1.3460844556516396,0.01633541558853951,-0.2803121270531477,57.21
0.8377284536553118,1.3347182931124444,-0.8653749724075479,0.4184348037366873,0.16338732164035644,-1.939318541343601,-0.19536948870501664,-0.2803121270531477,65.91
0.013123272323520315,0.6613013982491097,0.6928395387717002,-0.4723830502042065,0.5013952636917322,-1.9264221481763844,0.40238553518267134,-0.2803121270531477,52.82
-0.2553528332263653,0.2897610424624423,0.31886805608868074,0.5590902543589337,0.33239129266604434,-1.7974582165042188,0.6016372098119006,-0.2803121270531477,33.4
-1.0895464468992242,-0.8364706610158934,1.4719467943613243,-0.003531548130051901,1.0084071767687959,0.6270636989324929,-0.5440599193061679,-0.2803121270531477,18.03
-1.1758423379688303,1.9849139157391127,-0.8653749724075479,-0.09730184854488283,0.8394032057431079,0.6141673057652763,-0.9301100389002998,-0.2803121270531477,37.36
-1.1374886086045608,1.3463289292307778,1.4096182139141544,0.9810566062256728,0.8394032057431079,-1.874836575507518,-0.7806712829283777,-0.2803121270531477,32.84
0.18571505446273248,-0.8364706610158934,0.8019145545542476,0.18400905269960996,-0.00561664938533143,-1.2300169171466906,0.5269178318259397,-0.2803121270531477,42.64
0.3774837012840794,-0.8364706610158934,1.0979753116783046,1.3092526576775811,-0.00561664938533143,-1.4621519941565884,-0.4444340819915533,-0.2803121270531477,40.06
0.08024229871099171,0.5684163093024429,0.5993466681009454,0.2777793531144409,0.5013952636917322,-0.9076070879662768,-0.9550164982289534,-0.2803121270531477,41.94
0.4541911600126181,1.090894934627444,-0.8653749724075479,-0.3786127497893756,0.5013952636917322,-1.1913277376450409,0.21558709021776884,-0.2803121270531477,61.23
0.7418441302446384,-0.8364706610158934,1.3472896334669844,0.5122051041515182,0.8394032057431079,-2.2359355841895816,0.06614833424584685,-0.2803121270531477,40.87
-1.4059647141544465,1.5669310154791118,1.6433503905910416,-0.1441869987522983,-0.1746206204110193,-1.384773635153289,-0.45688731165588015,-0.2803121270531477,33.3
0.4158374306483487,0.8935141206157768,-0.8653749724075479,0.18400905269960996,0.33239129266604434,-0.3014766091070988,-0.7931245125927046,-0.2803121270531477,52.42
-1.0991348792402915,-0.8364706610158934,2.251054049950948,-0.05041669833746736,1.1774111477944837,-1.616908712163187,0.9129679514200715,-0.2803121270531477,15.09
0.33912997191981,-0.8364706610158934,0.8954074252250026,-0.5661533506190375,0.67039923471742,-0.6367828314547291,0.128414482567481,-0.2803121270531477,38.46
0.4062489983072814,-0.8364706610158934,1.1291396019018898,-0.003531548130051901,0.8394032057431079,-1.3460844556516396,0.09105479357450051,-0.2803121270531477,37.26
-1.3292572554259077,1.0676736623907772,1.1291396019018898,2.5751517132777986,-0.00561664938533143,-1.358980848818856,-1.4531456848020268,-0.2803121270531477,35.23
0.08983073105205906,0.5684163093024429,-0.8653749724075479,-0.2379572991671292,0.16338732164035644,-0.8560215152974106,0.7012630471265153,-0.2803121270531477,42.13
0.18571505446273248,-0.8364706610158934,0.8019145545542476,1.3092526576775811,0.8394032057431079,-1.217120523979474,-0.3572614743412655,-0.2803121270531477,31.87
-0.13070321279248984,0.4523099481191093,0.4746895072066055,0.6059754045663491,-0.00561664938533143,-1.823251002838652,0.21558709021776884,-0.2803121270531477,41.54
-1.1374886086045608,2.0661883685674463,-0.8653749724075479,-0.6599236510338684,1.0084071767687959,0.9623699212801232,-1.0546423355435681,-0.2803121270531477,39.45
-1.0799580145581569,2.1822947297507795,-0.8653749724075479,0.043353602077363565,1.1774111477944837,-1.4879447804910215,0.6763565877978617,-0.2803121270531477,37.91
-0.025230457040749058,0.510363128710776,0.5370180876537755,-0.09730184854488283,0.5013952636917322,-1.3460844556516396,-0.05838396239742148,-0.2803121270531477,44.28
0.4158374306483487,-0.8364706610158934,0.94215386056038,0.6528605547737646,0.67039923471742,-2.0166969003469,0.502011372497286,-0.2803121270531477,31.18
-1.2429613643563016,0.7774077594324433,0.8330788447778327,0.5122051041515182,-0.00561664938533143,-1.0623638059728753,0.09105479357450051,-0.2803121270531477,23.69
-1.1470770409456281,1.3347182931124444,-0.8653749724075479,-0.28484244937454467,0.8394032057431079,0.20148272441434673,0.203133860553442,-0.2803121270531477,32.76
-0.1690569421567592,0.3245929508174423,0.3500323463122657,0.8872863058108419,0.5013952636917322,-1.4234628146549388,-0.1455565700477093,-0.2803121270531477,32.4
-0.39917931834237547,0.2317078618707755,0.24095733052971832,3.044003215351953,-0.00561664938533143,-1.5653231394943208,-0.9674697278932802,-0.2803121270531477,28.63
0.32954153957874266,-0.8364706610158934,0.8954074252250026,-0.19107214895971375,0.33239129266604434,0.35623944242094535,-1.0421891058792412,-0.2803121270531477,36.8
-1.1854307703098976,1.288275748639111,-0.8653749724075479,0.5122051041515182,0.5013952636917322,0.9365771349456902,-0.9425632685646266,-0.2803121270531477,18.28
-1.2717266613795037,1.833975646200779,-0.8653749724075479,0.9341714560182574,-0.5126285624623951,-1.9006293618419512,1.2367519226925692,-0.2803121270531477,33.06
0.1665381897805978,-0.8364706610158934,0.8019145545542476,1.8249893099591512,0.8394032057431079,-2.0038005071796836,0.06614833424584685,-0.2803121270531477,31.42
-1.3963762818133791,1.6017629238341118,-0.8653749724075479,0.6528605547737646,-0.5126285624623951,-0.3272693954415319,0.277853238539403,-0.2803121270531477,31.03
0.32954153957874266,0.8470715761424434,-0.8653749724075479,-0.19107214895971375,0.33239129266604434,-1.384773635153289,0.6389968988048812,-0.2803121270531477,44.39
-1.2141960673330996,-0.8364706610158934,0.87982528011321,0.09023875228477903,0.33239129266604434,0.22727551074877983,0.5393710614902665,-0.2803121270531477,12.18
-1.2046076349920323,0.8470715761424434,0.8954074252250026,-0.19107214895971375,0.33239129266604434,0.35623944242094535,-1.0421891058792412,-0.2803121270531477,25.56
-1.3292572554259077,0.7077439427224431,0.7395859741070777,0.8404011556034264,0.16338732164035644,-0.7528503699596781,-0.24518240736232397,-0.2803121270531477,36.44
-1.2429613643563016,1.9036394629107791,-0.8653749724075479,-0.28484244937454467,1.1774111477944837,-1.6427014984976203,1.4982697456434326,-0.2803121270531477,32.96
0.20489191914486718,-0.8364706610158934,1.00448244100755,1.403022958092412,0.67039923471742,-1.2429133103139072,-0.5565131489704948,-0.2803121270531477,23.84
-1.2046076349920323,0.8470715761424434,0.8954074252250026,-0.19107214895971375,0.33239129266604434,-1.384773635153289,0.6389968988048812,-0.2803121270531477,26.23
-1.252549796697369,-0.8364706610158934,1.269378907908022,-1.128775153108023,1.6844230608715474,0.35623944242094535,0.7137162767908422,-0.2803121270531477,17.95
0.4541911600126181,-0.8364706610158934,1.2849610530198146,0.793516005396011,0.8394032057431079,-2.2359355841895816,0.2404935495464225,-0.2803121270531477,40.68
-1.2046076349920323,0.8470715761424434,-0.8653749724075479,-0.19107214895971375,0.33239129266604434,0.33044665608651225,0.6140904394762274,-0.2803121270531477,19.01
-0.15946850981569186,0.4523099481191093,0.4746895072066055,0.6059754045663491,-0.1746206204110193,-1.0236746264712258,-0.4942470006488606,-0.2803121270531477,33.72
-1.1566654732866957,-0.8364706610158934,2.1731433243919858,1.7781041597517357,0.8394032057431079,-0.984985446969576,-0.7433115939353973,-0.2803121270531477,8.54
-1.223784499674167,-0.8364706610158934,2.017321873274061,-0.7068088012412839,1.6844230608715474,1.2847797504605372,-1.1791746321868364,-0.2803121270531477,13.46
-0.05399575406395109,-0.8364706610158934,0.5370180876537755,0.793516005396011,0.8394032057431079,-0.5594044724514299,-0.13310334038338248,-0.2803121270531477,32.24
-1.2429613643563016,0.5335844009474427,0.5681823778773605,0.043353602077363565,0.16338732164035644,-0.2756838227726657,0.09105479357450051,-0.2803121270531477,23.52
-1.3004919584027057,1.125726842982444,1.362871778578777,0.4184348037366873,0.33239129266604434,-0.09513431843163397,-1.6150376704382756,-0.2803121270531477,29.72
-0.17864537449782655,0.3362035869357757,0.3500323463122657,-0.519268200411622,0.67039923471742,-0.4949225066153471,-0.12065011071905564,-0.2803121270531477,49.77
0.32954153957874266,1.0328417540357773,-0.8653749724075479,-0.19107214895971375,0.67039923471742,-0.7399539767924616,-0.17046302937636298,-0.2803121270531477,52.44
0.05147700168778969,0.5568056731841095,-0.8653749724075479,-0.6599236510338684,0.16338732164035644,-0.05644513892998432,0.26540000887507614,-0.2803121270531477,40.93
0.5500754834232915,-0.8364706610158934,-0.8653749724075479,-0.003531548130051901,-0.5126285624623951,0.14989715174548052,0.5518242911545933,-0.2803121270531477,44.86
-1.281315093720571,-0.8364706610158934,1.2226324725726445,-0.05041669833746736,0.8394032057431079,0.05962239957496465,0.4895581428329592,-0.2803121270531477,13.2
-1.2333729320152342,1.9152500990291126,-0.8653749724075479,-0.3786127497893756,1.0084071767687959,1.2202977846244543,-1.216534321179817,-0.2803121270531477,37.43
-1.2909035260616384,1.1373374791007773,1.2070503274608522,0.46531995394410275,0.33239129266604434,-2.0682824730157665,0.40238553518267134,-0.2803121270531477,29.87
0.5021333217179548,1.1373374791007773,-0.8653749724075479,0.6059754045663491,0.33239129266604434,-2.1069716525174162,0.3650258461896908,-0.2803121270531477,56.61
-1.1854307703098976,-0.8364706610158934,1.362871778578777,0.5122051041515182,0.5013952636917322,0.9365771349456902,-0.9425632685646266,-0.2803121270531477,12.46
-1.1854307703098976,1.288275748639111,-0.8653749724075479,0.5122051041515182,0.5013952636917322,-1.2558097034811235,1.1869390040352619,-0.2803121270531477,23.79
-1.3771994171312445,-0.8364706610158934,1.721261116150004,-0.09730184854488283,0.67039923471742,-0.1725126774349333,0.40238553518267134,-0.2803121270531477,13.29
-0.12111478045142249,0.46392058423744265,0.49027165231839803,-0.19107214895971375,0.67039923471742,-0.8302287289629774,-0.34480824467693866,-0.2803121270531477,39.42
0.33912997191981,0.8470715761424434,0.8954074252250026,-0.1441869987522983,0.33239129266604434,-1.358980848818856,-1.0297358762149145,-0.2803121270531477,46.23
0.32954153957874266,0.8470715761424434,-0.8653749724075479,-2.5822148095379025,0.33239129266604434,0.33044665608651225,0.6140904394762274,-0.2803121270531477,44.52
-1.2717266613795037,1.1721693874557775,-0.8653749724075479,-0.003531548130051901,-0.5126285624623951,0.14989715174548052,0.5518242911545933,-0.2803121270531477,23.74
-1.2909035260616384,0.7425758510774432,0.7863324094424552,-0.19107214895971375,0.16338732164035644,-0.4304405407792643,0.01633541558853951,-0.2803121270531477,26.14
-1.252549796697369,-0.8364706610158934,1.9705754379386837,-0.05041669833746736,1.5154190898458595,-1.7458726438353527,1.386190678664491,-0.2803121270531477,15.52
-0.015642024699681716,0.5219737648291094,0.5526002327655679,0.4184348037366873,0.16338732164035644,-0.36595857494318157,-1.3286133881587585,-0.2803121270531477,43.57
0.18571505446273248,-0.8364706610158934,0.8019145545542476,-0.8474642518635302,1.1774111477944837,-0.2756838227726657,0.14086771223180783,-0.2803121270531477,35.86
0.32954153957874266,0.8470715761424434,-0.8653749724075479,-0.19107214895971375,0.33239129266604434,0.35623944242094535,-1.0421891058792412,-0.2803121270531477,41.05
-1.1854307703098976,1.2998863847574444,1.362871778578777,0.5590902543589337,0.5013952636917322,-1.217120523979474,-0.9176568092359729,-0.2803121270531477,28.99
0.0994191633931264,0.7193545788407765,-0.8653749724075479,0.6059754045663491,-0.00561664938533143,-0.6496792246219457,-0.15800979971203613,-0.2803121270531477,46.24
-1.252549796697369,1.1953906596924442,-0.8653749724075479,-0.519268200411622,-0.681632533488083,0.33044665608651225,0.6888098174621885,-0.2803121270531477,26.92
-1.281315093720571,-0.8364706610158934,1.9238290026033062,0.9341714560182574,0.33239129266604434,-1.939318541343601,1.1993922336995886,-0.2803121270531477,10.54
0.32954153957874266,-0.8364706610158934,-0.8653749724075479,-0.19107214895971375,0.33239129266604434,0.33044665608651225,0.6140904394762274,-0.2803121270531477,25.1
-1.3676109847901772,1.0444523901541105,1.0979753116783046,-0.4723830502042065,0.67039923471742,-0.6625756177891623,-0.10819688105472881,-0.2803121270531477,29.07
-1.1854307703098976,-0.8364706610158934,1.362871778578777,0.5122051041515182,0.5013952636917322,-1.2558097034811235,1.1869390040352619,-0.2803121270531477,9.74
-0.22658753620316327,0.312982314699109,0.3344502012004732,0.32466450332185637,-0.00561664938533143,-0.7141611904580285,-0.2949953260196313,-0.2803121270531477,33.8
-1.1183117439224262,1.5669310154791118,1.814753986820759,1.590563558922074,0.67039923471742,-1.9651113276780339,-1.6773038187599096,-0.2803121270531477,39.84
-1.3676109847901772,1.4392140181774447,0.6616752485481153,0.793516005396011,-0.00561664938533143,-1.6427014984976203,0.128414482567481,-0.2803121270531477,26.97
-1.0991348792402915,1.056063026272444,1.1291396019018898,0.69974570498118,0.33239129266604434,-0.1725126774349333,-1.6399441297669293,-0.2803121270531477,27.23
-1.1183117439224262,1.6482054683074452,1.690096825926419,0.9341714560182574,0.67039923471742,-1.990904114012467,-1.1542681728581827,-0.2803121270531477,30.65
-1.166253905627763,1.6482054683074452,1.5031110845849092,0.8404011556034264,0.5013952636917322,-2.0038005071796836,-0.8553906609143388,-0.2803121270531477,33.05
-1.2429613643563016,0.9399566650891104,2.1575611792801936,0.46531995394410275,0.33239129266604434,-0.5078188997825637,-1.8641022637248121,-0.2803121270531477,24.58
-1.3771994171312445,0.38264613140910914,2.141979034168401,0.6528605547737646,-0.00561664938533143,-0.12092710476606708,-1.6150376704382756,-0.2803121270531477,21.91
-1.1470770409456281,1.5901522877157785,1.6433503905910416,0.8872863058108419,0.16338732164035644,-1.6298051053304037,-1.291253699165778,-0.2803121270531477,30.88
-1.2909035260616384,-0.662311119240893,2.1731433243919858,-0.28484244937454467,-0.00561664938533143,0.6012709125980599,-0.7931245125927046,-0.2803121270531477,15.34
-1.195019202650965,1.1837800235741107,2.017321873274061,2.1531853614110594,0.16338732164035644,-1.6684942848320532,-2.0010877900324076,-0.2803121270531477,24.34
-1.0703695822170896,1.3347182931124444,2.1731433243919858,0.1371239024921945,0.16338732164035644,-0.984985446969576,-1.7022102780885633,-0.2803121270531477,23.89
-0.9073662324189447,0.16204404516077534,2.0952325988330234,1.4499081082998275,-0.00561664938533143,-0.6625756177891623,-1.8641022637248121,-0.2803121270531477,22.93
-1.1758423379688303,1.2302225680474443,2.048486163497646,1.8249893099591512,0.16338732164035644,-1.5524267463271044,-1.9761813307037537,-0.2803121270531477,29.41
-0.40013816157648213,0.22822467103527552,0.24874840308561455,3.0393147003312118,-0.00561664938533143,-1.5666127788110429,-0.9624884360275499,-0.2803121270531477,28.63
0.33241806928106293,-0.8364706610158934,0.8954074252250026,-0.16762957385600602,0.33239129266604434,0.3549498031042234,-1.0459250747785387,-0.2803121270531477,36.8
-1.187348456778111,1.2929200030864445,-0.8653749724075479,0.5262706492137433,0.5182956607943009,0.9417356922125779,-0.9462992374639241,-0.2803121270531477,18.29
-1.2726855046136103,1.8397809642599456,-0.8653749724075479,0.9576140311219651,-0.44502697405211994,-1.9006293618419512,1.2342612767597032,-0.2803121270531477,32.72
0.1665381897805978,-0.8364706610158934,0.79723991102071,1.8437433700421177,0.754901220230264,-2.00122122854624,0.07112962611157729,-0.2803121270531477,31.42
-1.3954174385792724,1.6040850510577784,-0.8653749724075479,0.6387950097115395,-0.4957281653598263,-0.3221108381746456,0.2815892074387005,-0.2803121270531477,28.94
0.33241806928106293,0.8470715761424434,-0.8653749724075479,-0.16762957385600602,0.33239129266604434,-1.3821943565198453,0.6389968988048812,-0.2803121270531477,40.93
-1.2180314402695267,-0.8364706610158934,0.8782670656020309,0.10899281236774548,0.3154908955634756,0.22727551074877983,0.5381257385238335,-0.2803121270531477,12.18
-1.2036487917579255,0.8470715761424434,0.8954074252250026,-0.16762957385600602,0.33239129266604434,0.3549498031042234,-1.0459250747785387,-0.2803121270531477,25.56
-1.3302160986600144,0.7030996882751097,0.7442606176406155,0.8544667006656517,0.23098891005063166,-0.7528503699596781,-0.2402011154965935,-0.2803121270531477,36.44
-1.238167148185768,1.9036394629107791,-0.8653749724075479,-0.2942194794160272,1.1098095593842086,-1.645280777131064,1.4945337767441351,-0.2803121270531477,32.96
0.20297423267665382,-0.8364706610158934,1.0013660119851915,1.3795803829887043,0.6534988376148514,-1.2403340316804632,-0.5614944408362252,-0.2803121270531477,23.84
-1.2036487917579255,0.8470715761424434,0.8954074252250026,-0.16762957385600602,0.33239129266604434,-1.3821943565198453,0.6389968988048812,-0.2803121270531477,26.23
-1.2515909534632623,-0.8364706610158934,1.263146049863305,-1.1240866380872818,1.7013234579741163,0.3536601637875014,0.7149615997572751,-0.2803121270531477,17.96
0.45898537618315177,-0.8364706610158934,1.2834028385086353,0.793516005396011,0.8056024115379705,-2.2346459448728595,0.2467201643785859,-0.2803121270531477,38.63
-1.2074841646943526,0.8435883853069434,-0.8653749724075479,-0.18638363393897248,0.33239129266604434,0.3265777381363479,0.6165810854090934,-0.2803121270531477,19.01
-0.16042735304979883,0.4465046300599426,0.4762477217177847,0.6247294646493156,-0.1746206204110193,-1.0210953478377818,-0.49922829251459105,-0.2803121270531477,33.72
-1.1528301003502686,-0.8364706610158934,2.171585109880807,1.7640386146895106,0.8394032057431079,-0.9888543649197404,-0.7445569169018302,-0.2803121270531477,8.54
-1.2266610293764872,-0.8364706610158934,2.021996516807599,-0.720874346303509,1.6168214724612722,1.2912279470441452,-1.1791746321868364,-0.2803121270531477,13.46
-0.057831127000377805,-0.8364706610158934,0.5307852296090584,0.7794504603337858,0.7718016173328327,-0.5555355545012655,-0.13061269445051654,-0.2803121270531477,32.25
-1.2429613643563016,0.5289401465001093,0.5635077343438227,0.038665087056622284,0.18028771874292518,-0.2705252655057794,0.09479076247379799,-0.2803121270531477,23.52
-1.3004919584027057,1.1303710974297774,1.3581971350452389,0.4043692586744621,0.39999288107631953,-0.08997576116474765,-1.6088110556061122,-0.2803121270531477,29.73
-0.1796042177319335,0.33155933248844227,0.3562652043569828,-0.5380222604945885,0.7380008231276953,-0.49879142456551145,-0.12189543368548861,-0.2803121270531477,49.77
0.3285826963446357,1.0270364359766104,-0.8653749724075479,-0.2098262090426802,0.6027976463071448,-0.7451125340593479,-0.16423641454419957,-0.2803121270531477,52.45
0.05147700168778969,0.5533224823486095,-0.8653749724075479,-0.6458581059716432,0.19718811584549406,-0.05128658166309799,0.2678906548079421,-0.2803121270531477,40.93
0.5548696995938253,-0.8364706610158934,-0.8653749724075479,-0.008220063150793181,-0.44502697405211994,0.14731787311203662,0.5493336452217273,-0.2803121270531477,44.87
-1.2832327801887844,-0.8364706610158934,1.2163996145279274,-0.059793728378949924,0.8563036028456766,0.06607059615857293,0.4833315280007957,-0.2803121270531477,13.2
-1.2333729320152342,1.912927971805446,-0.8653749724075479,-0.3879897798308582,0.9915067796662271,1.2241667025746188,-1.219024967112683,-0.2803121270531477,37.43
-1.2937800557639587,1.139659606324444,1.200817469416135,0.44656589386113626,0.41689327817888827,-2.0669928336990444,0.4061215040819688,-0.2803121270531477,29.87
0.49733910554742117,1.132693224653444,-0.8653749724075479,0.6012868895456078,0.349291689768613,-2.1069716525174162,0.3687618150889883,-0.2803121270531477,56.62
-1.187348456778111,-0.8364706610158934,1.3597553495564185,0.5262706492137433,0.5182956607943009,0.9417356922125779,-0.9462992374639241,-0.2803121270531477,12.46
-1.187348456778111,1.2929200030864445,-0.8653749724075479,0.5262706492137433,0.5182956607943009,-1.2532304248476798,1.1832030351359644,-0.2803121270531477,23.79
-1.3800759468335648,-0.8364706610158934,1.7165864726164661,-0.08792481850340027,0.67039923471742,-0.1725126774349333,0.40114021221623836,-0.2803121270531477,13.29
-0.11919709398320913,0.4674037750729426,0.49806272487429426,-0.19576066398045502,0.7380008231276953,-0.8340976469131418,-0.35103485950910207,-0.2803121270531477,39.42
0.33912997191981,0.8505547669779436,0.8985238542473611,-0.14887551377303956,0.33239129266604434,-1.357691209502134,-1.0272452302820485,-0.2803121270531477,46.23
0.32666500987642233,0.8435883853069434,-0.8653749724075479,-2.568149264475678,0.33239129266604434,0.3265777381363479,0.6165810854090934,-0.2803121270531477,44.52
-1.274603191081824,1.167525133008444,-0.8653749724075479,-0.008220063150793181,-0.44502697405211994,0.14731787311203662,0.5493336452217273,-0.2803121270531477,23.74
-1.2928212125298517,0.7460590419129434,0.7894488384648137,-0.18638363393897248,0.24788930715320037,-0.423992344195656,0.020071384487836998,-0.2803121270531477,26.15
-1.2515909534632623,-0.8364706610158934,1.972133652449863,-0.03166263825450091,1.5154190898458595,-1.7471622831520746,1.3899266475637886,-0.2803121270531477,15.53
-0.015642024699681716,0.5196516376054428,0.5526002327655679,0.3996807436537208,0.16338732164035644,-0.3595103783595733,-1.3335946800244889,-0.2803121270531477,43.58
0.18667389769683945,-0.8364706610158934,0.8097056271101439,-0.8662183119464967,1.1436103535893463,-0.2731045441392218,0.14086771223180783,-0.2803121270531477,35.87
0.33241806928106293,0.8470715761424434,-0.8653749724075479,-0.16762957385600602,0.33239129266604434,0.3549498031042234,-1.0459250747785387,-0.2803121270531477,41.05
-1.1835130838416843,1.2987253211456111,1.3659882076011352,0.5497132243174511,0.5351960578968696,-1.2222790812463602,-0.9238834240681364,-0.2803121270531477,28.99
0.0994191633931264,0.7158713880052764,-0.8653749724075479,0.6012868895456078,-0.09011863489817537,-0.6483895853052237,-0.15676447674560318,-0.2803121270531477,46.25
-1.2544674831655824,1.1965517233042775,-0.8653749724075479,-0.5098911703701394,-0.6478317392829454,0.33044665608651225,0.6950364322943519,-0.2803121270531477,26.92
-1.277479720784144,-0.8364706610158934,1.922270788092127,0.9201059109560322,0.29859049846090674,-1.939318541343601,1.195656264800291,-0.2803121270531477,10.54
0.32666500987642233,-0.8364706610158934,-0.8653749724075479,-0.18638363393897248,0.33239129266604434,0.3265777381363479,0.6165810854090934,-0.2803121270531477,25.1
-1.36377561185375,1.0398081357067772,1.0948588826559464,-0.491137110287173,0.7380008231276953,-0.6677341750560486,-0.10321558918899837,-0.2803121270531477,29.07
-1.187348456778111,-0.8364706610158934,1.3597553495564185,0.5262706492137433,0.5182956607943009,-1.2532304248476798,1.1832030351359644,-0.2803121270531477,9.74
-0.22371100650084297,0.3106601874754423,0.3344502012004732,0.3059104432388899,0.0788853361275125,-0.7141611904580285,-0.2912593571203338,-0.2803121270531477,33.8
-0.055913440532164446,0.3838071950209424,0.40924449773707705,1.295187112615356,0.5013952636917322,-0.9076070879662768,-1.1580041417574802,-0.2803121270531477,37.17
-1.1183117439224262,1.3707112650792779,1.4423407186489186,-0.15356402879378084,2.1576341797434737,-1.7574793976858472,-0.38963987146851553,-0.2803121270531477,33.76
-1.1988545755873918,0.8377830672477766,0.8844999236467478,1.782792674772477,0.6872996318199888,-0.6599963391557183,-1.429484548439806,-0.2803121270531477,16.5
-1.26693244520897,0.4941082381451093,0.5261105860755206,0.929482940997516,0.4675944694865947,-1.475048387323805,0.7074896619586787,-0.2803121270531477,19.99
-1.216113753801313,1.2313836316592774,1.295868554598069,-0.6833662261375761,2.0731321942306296,-0.3917513612776147,-0.9724510197590107,-0.2803121270531477,36.35
0.29981739932143364,0.8215281766821102,0.8673595640237761,-0.6693006810753509,2.715347284128243,-0.7799327956108332,-1.512921187190795,-0.2803121270531477,38.22
-1.2947388989980653,-0.8364706610158934,1.8599422076449572,-1.1100210930250565,2.005530605820354,-0.4085166723949956,0.8942881069235812,-0.2803121270531477,15.42
0.23941027557270983,0.7878573319389434,-0.8653749724075479,1.4733506834035353,0.028184144819806176,-1.0172264298876175,-0.6250059121242924,-0.2803121270531477,33.42
0.9173124420861709,-0.8364706610158934,-0.8653749724075479,0.3809266835707544,0.11268613033265011,0.5006790458937713,-0.5266253977761107,-0.2803121270531477,39.06
-1.1509124138820552,0.8923530570039436,0.94215386056038,-0.3270390845612189,1.5154190898458595,-0.2718149048225013,-0.659874955184407,-0.2803121270531477,27.68
-1.2084430079284594,1.934988180430279,-0.8653749724075479,0.8404011556034264,0.045084541922374904,0.3536601637875014,-1.1057005771673083,-0.2803121270531477,26.86
0.3007762425555406,0.8215281766821102,-0.8653749724075479,-0.6646121660546097,0.67039923471742,-0.7747742383439469,0.3899323055183445,-0.2803121270531477,45.3
0.25091639438199054,-0.8364706610158934,0.6866066807269832,0.6528605547737646,0.6365984405122826,-0.19314690650248006,-0.840446785317146,-0.2803121270531477,30.12
-1.2247433429082737,-0.8364706610158934,2.0001815136510896,-0.7255628613242503,0.9408055883585206,0.21695839621500718,-0.00608039780724822,-0.2803121270531477,15.57
-1.3110392339778798,1.0978613162984439,1.1556292485919366,-0.4020553248930833,0.8225028086405393,-1.1835899017447107,0.15705691079543216,-0.2803121270531477,44.61
0.18379736799451912,0.7565086144194432,0.8003563400430685,0.9013518508730671,-0.00561664938533143,-1.2377547530470208,-1.461862945567056,-0.2803121270531477,53.52
0.4091255280096017,1.0699957896144439,-0.8653749724075479,0.39499222863297956,-0.24222220882129453,-1.3460844556516396,0.01633541558853951,-0.2803121270531477,57.22
0.8377284536553118,1.3347182931124444,-0.8653749724075479,0.43250034879891247,0.09578573323008123,-1.9354496233934364,-0.19661481167144962,-0.2803121270531477,65.91
0.011205585855306956,0.6601403346372765,0.6990723968164174,-0.4536289901212401,0.5858972492045761,-1.9251325088596625,0.40114021221623836,-0.2803121270531477,52.83
-0.2543939899922586,0.29092210607427554,0.31263519804396367,0.5497132243174511,0.3830924839737508,-1.7910100199206105,0.6066185016776311,-0.2803121270531477,33.4
-1.093381819835651,-0.8364706610158934,1.4781796524060413,-0.02228560821301835,0.9577059854610893,0.6309326168826573,-0.5453052422726009,-0.2803121270531477,18.03
-1.1796777109052572,1.9907192337982793,-0.8653749724075479,-0.08323630348265766,0.7887020144354014,0.6141673057652763,-0.9338460077995973,-0.2803121270531477,37.36
-1.1355709221363475,1.3463289292307778,1.4158510719588715,0.9904336362671554,0.8901043970508145,-1.8787054934576826,-0.7844072518276752,-0.2803121270531477,35.31
0.18667389769683945,-0.8364706610158934,0.8019145545542476,0.20276311278257642,0.011283747717237298,-1.2300169171466906,0.5294084777588056,-0.2803121270531477,42.64
0.37652485804997243,-0.8364706610158934,1.105766384234201,1.295187112615356,-0.05631784069303776,-1.4686001907401967,-0.44941537385728375,-0.2803121270531477,40.06
0.08311882841331203,0.5626109912432762,0.5977884535897663,0.2590252930314744,0.5351960578968696,-0.9024485306993903,-0.9562618211953864,-0.2803121270531477,43.8
0.4503557870761914,1.0955391890747774,-0.8653749724075479,-0.3786127497893756,0.48449486658916346,-1.1964862949119273,0.21558709021776884,-0.2803121270531477,61.24
0.7408852870105315,-0.8364706610158934,1.3410567754222673,0.5262706492137433,0.8394032057431079,-2.2307770269226954,0.07112962611157729,-0.2803121270531477,40.87
-1.4059647141544465,1.5611256974199452,1.6417921760798624,-0.14887551377303956,-0.09011863489817537,-1.386063274470011,-0.4618686035216106,-0.2803121270531477,33.31
0.4206316468188824,0.8888698661684434,-0.8653749724075479,0.17463202265812738,0.41689327817888827,-0.3014766091070988,-0.7868978977605412,-0.2803121270531477,52.43
-1.0972171927720782,-0.8364706610158934,2.2526122644621274,-0.04103966829598481,1.1098095593842086,-1.6130397942130228,0.9129679514200715,-0.2803121270531477,15.09
0.33721228545159665,-0.8364706610158934,0.8891745671802854,-0.5708418656397788,0.6872996318199888,-0.6329139135045647,0.12716915960104805,-0.2803121270531477,38.46
0.4100843712437081,-0.8364706610158934,1.1275813873907106,0.01991102697365583,0.9239051912559519,-1.3447948163349175,0.08731882467520302,-0.2803121270531477,37.27
-1.332133785128228,1.0665125987789439,1.1244649583683521,2.5610861682155734,-0.03941744359046904,-1.3641394060857424,-1.4581269766677571,-0.2803121270531477,35.23
0.09366610398848578,0.5684163093024429,-0.8653749724075479,-0.21920323908416275,0.16338732164035644,-0.8573111546141324,0.7074896619586787,-0.2803121270531477,42.14
0.18763274093094584,-0.8364706610158934,0.8019145545542476,1.295187112615356,0.8563036028456766,-1.2222790812463602,-0.3547708284083995,-0.2803121270531477,31.88
-0.1354974289630235,0.4523099481191093,0.4824805797625018,0.6294179796700569,-0.022517046487900157,-1.8284095601055381,0.22056838208349927,-0.2803121270531477,41.54
-1.1394062950727741,2.0661883685674463,-0.8653749724075479,-0.641169590950902,1.0422079709739334,0.9662388392302876,-1.0521516896107022,-0.2803121270531477,39.46
-1.0799580145581569,2.1788115389152796,-0.8653749724075479,0.05273063211884612,1.1267099564867773,-1.4905240591244655,0.6738659418649957,-0.2803121270531477,37.92
-0.021395084104322337,0.510363128710776,0.5416927311873132,-0.11605590862784929,0.48449486658916346,-1.3447948163349175,-0.054647993498124,-0.2803121270531477,44.28
0.4177551171165621,-0.8364706610158934,0.9359210025156629,0.6528605547737646,0.7380008231276953,-2.0179865396636223,0.5069926643630165,-0.2803121270531477,31.18
-1.2477555805268352,0.7820520138797767,0.8268459867331155,0.498139559089293,0.011283747717237298,-1.057205248705989,0.09105479357450051,-0.2803121270531477,23.7
-1.1461181977115216,1.3312351022769444,-0.8653749724075479,-0.30359650945751115,0.8901043970508145,0.1963241671474604,0.20188853758700903,-0.2803121270531477,32.77
-0.17001578539086615,0.330398268876609,0.3547069898458034,0.8685322457278755,0.433793675281457,-1.4170146180713306,-0.1393299552155459,-0.2803121270531477,32.4
